cliente_id,pedidos,pedidos_com_corte,participacao_pedidos
Cliente 024,149,4,0.08159912376779847
Cliente 185,60,3,0.03285870755750274
Cliente 222,55,5,0.030120481927710843
Cliente 061,36,0,0.019715224534501644
Cliente 095,34,2,0.018619934282584884
Cliente 091,28,0,0.01533406352683461
Cliente 365,26,2,0.014238773274917854
Cliente 062,25,2,0.013691128148959474
Cliente 092,24,0,0.013143483023001095
Cliente 357,21,3,0.011500547645125958
Cliente 017,20,0,0.01095290251916758
Cliente 076,18,0,0.009857612267250822
Cliente 279,18,0,0.009857612267250822
Cliente 117,17,2,0.009309967141292442
Cliente 093,16,1,0.008762322015334063
Cliente 107,16,0,0.008762322015334063
Cliente 332,16,0,0.008762322015334063
Cliente 176,15,0,0.008214676889375685
Cliente 103,15,0,0.008214676889375685
Cliente 169,14,0,0.007667031763417305
Cliente 274,14,0,0.007667031763417305
Cliente 199,13,0,0.007119386637458927
Cliente 072,13,2,0.007119386637458927
Cliente 053,13,0,0.007119386637458927
Cliente 175,13,2,0.007119386637458927
Cliente 067,12,3,0.0065717415115005475
Cliente 151,12,0,0.0065717415115005475
Cliente 203,12,0,0.0065717415115005475
Cliente 128,11,0,0.006024096385542169
Cliente 270,11,0,0.006024096385542169
Cliente 065,11,0,0.006024096385542169
Cliente 114,11,0,0.006024096385542169
Cliente 336,11,2,0.006024096385542169
Cliente 073,11,0,0.006024096385542169
Cliente 344,10,0,0.00547645125958379
Cliente 315,10,0,0.00547645125958379
Cliente 060,10,0,0.00547645125958379
Cliente 105,10,0,0.00547645125958379
Cliente 201,10,0,0.00547645125958379
Cliente 013,9,0,0.004928806133625411
Cliente 108,9,0,0.004928806133625411
Cliente 079,9,0,0.004928806133625411
Cliente 121,9,0,0.004928806133625411
Cliente 146,9,0,0.004928806133625411
Cliente 223,9,0,0.004928806133625411
Cliente 300,9,0,0.004928806133625411
Cliente 284,9,1,0.004928806133625411
Cliente 294,8,0,0.004381161007667032
Cliente 316,8,0,0.004381161007667032
Cliente 350,8,0,0.004381161007667032
Cliente 339,8,0,0.004381161007667032
Cliente 022,8,0,0.004381161007667032
Cliente 071,8,0,0.004381161007667032
Cliente 245,8,0,0.004381161007667032
Cliente 254,8,0,0.004381161007667032
Cliente 215,8,0,0.004381161007667032
Cliente 106,7,0,0.0038335158817086527
Cliente 321,7,0,0.0038335158817086527
Cliente 094,7,0,0.0038335158817086527
Cliente 099,7,0,0.0038335158817086527
Cliente 166,7,0,0.0038335158817086527
Cliente 328,7,0,0.0038335158817086527
Cliente 183,7,0,0.0038335158817086527
Cliente 334,7,0,0.0038335158817086527
Cliente 156,7,0,0.0038335158817086527
Cliente 148,7,0,0.0038335158817086527
Cliente 074,7,0,0.0038335158817086527
Cliente 232,7,0,0.0038335158817086527
Cliente 197,7,0,0.0038335158817086527
Cliente 123,7,0,0.0038335158817086527
Cliente 238,6,0,0.0032858707557502738
Cliente 122,6,0,0.0032858707557502738
Cliente 273,6,0,0.0032858707557502738
Cliente 289,6,0,0.0032858707557502738
Cliente 262,6,0,0.0032858707557502738
Cliente 286,6,0,0.0032858707557502738
Cliente 174,6,0,0.0032858707557502738
Cliente 335,6,0,0.0032858707557502738
Cliente 066,6,0,0.0032858707557502738
Cliente 064,6,1,0.0032858707557502738
Cliente 085,6,0,0.0032858707557502738
Cliente 150,6,0,0.0032858707557502738
Cliente 256,6,0,0.0032858707557502738
Cliente 230,6,0,0.0032858707557502738
Cliente 340,6,0,0.0032858707557502738
Cliente 037,6,0,0.0032858707557502738
Cliente 025,5,0,0.002738225629791895
Cliente 167,5,0,0.002738225629791895
Cliente 181,5,0,0.002738225629791895
Cliente 172,5,0,0.002738225629791895
Cliente 331,5,0,0.002738225629791895
Cliente 016,5,0,0.002738225629791895
Cliente 283,5,1,0.002738225629791895
Cliente 088,5,0,0.002738225629791895
Cliente 277,5,0,0.002738225629791895
Cliente 090,5,0,0.002738225629791895
Cliente 069,5,0,0.002738225629791895
Cliente 285,5,0,0.002738225629791895
Cliente 282,5,0,0.002738225629791895
Cliente 268,5,0,0.002738225629791895
Cliente 281,5,0,0.002738225629791895
Cliente 059,5,0,0.002738225629791895
Cliente 351,5,0,0.002738225629791895
Cliente 212,5,0,0.002738225629791895
Cliente 210,5,0,0.002738225629791895
Cliente 248,5,0,0.002738225629791895
Cliente 251,5,0,0.002738225629791895
Cliente 161,5,0,0.002738225629791895
Cliente 226,5,0,0.002738225629791895
Cliente 217,5,0,0.002738225629791895
Cliente 213,5,0,0.002738225629791895
Cliente 225,5,0,0.002738225629791895
Cliente 260,5,0,0.002738225629791895
Cliente 110,5,0,0.002738225629791895
Cliente 080,5,0,0.002738225629791895
Cliente 153,5,0,0.002738225629791895
Cliente 134,5,0,0.002738225629791895
Cliente 119,5,0,0.002738225629791895
Cliente 360,4,0,0.002190580503833516
Cliente 054,4,0,0.002190580503833516
Cliente 276,4,0,0.002190580503833516
Cliente 290,4,0,0.002190580503833516
Cliente 045,4,0,0.002190580503833516
Cliente 288,4,0,0.002190580503833516
Cliente 057,4,0,0.002190580503833516
Cliente 307,4,0,0.002190580503833516
Cliente 098,4,0,0.002190580503833516
Cliente 100,4,0,0.002190580503833516
Cliente 329,4,0,0.002190580503833516
Cliente 193,4,0,0.002190580503833516
Cliente 220,4,0,0.002190580503833516
Cliente 224,4,0,0.002190580503833516
Cliente 191,4,0,0.002190580503833516
Cliente 346,4,0,0.002190580503833516
Cliente 136,4,0,0.002190580503833516
Cliente 083,4,0,0.002190580503833516
Cliente 078,4,0,0.002190580503833516
Cliente 192,4,0,0.002190580503833516
Cliente 355,4,1,0.002190580503833516
Cliente 243,4,0,0.002190580503833516
Cliente 143,4,0,0.002190580503833516
Cliente 250,4,0,0.002190580503833516
Cliente 258,4,0,0.002190580503833516
Cliente 259,4,0,0.002190580503833516
Cliente 278,4,0,0.002190580503833516
Cliente 002,4,0,0.002190580503833516
Cliente 082,4,0,0.002190580503833516
Cliente 127,4,0,0.002190580503833516
Cliente 109,4,0,0.002190580503833516
Cliente 235,4,0,0.002190580503833516
Cliente 320,3,0,0.0016429353778751369
Cliente 004,3,0,0.0016429353778751369
Cliente 302,3,0,0.0016429353778751369
Cliente 304,3,0,0.0016429353778751369
Cliente 324,3,0,0.0016429353778751369
Cliente 323,3,0,0.0016429353778751369
Cliente 318,3,0,0.0016429353778751369
Cliente 301,3,0,0.0016429353778751369
Cliente 058,3,0,0.0016429353778751369
Cliente 038,3,0,0.0016429353778751369
Cliente 089,3,0,0.0016429353778751369
Cliente 087,3,0,0.0016429353778751369
Cliente 101,3,0,0.0016429353778751369
Cliente 265,3,0,0.0016429353778751369
Cliente 041,3,0,0.0016429353778751369
Cliente 040,3,1,0.0016429353778751369
Cliente 233,3,0,0.0016429353778751369
Cliente 142,3,0,0.0016429353778751369
Cliente 111,3,0,0.0016429353778751369
Cliente 077,3,0,0.0016429353778751369
Cliente 120,3,0,0.0016429353778751369
Cliente 164,3,0,0.0016429353778751369
Cliente 261,3,0,0.0016429353778751369
Cliente 257,3,0,0.0016429353778751369
Cliente 239,3,0,0.0016429353778751369
Cliente 244,3,0,0.0016429353778751369
Cliente 135,3,0,0.0016429353778751369
Cliente 189,3,0,0.0016429353778751369
Cliente 200,3,0,0.0016429353778751369
Cliente 198,3,0,0.0016429353778751369
Cliente 208,3,0,0.0016429353778751369
Cliente 207,3,0,0.0016429353778751369
Cliente 219,3,0,0.0016429353778751369
Cliente 209,3,0,0.0016429353778751369
Cliente 141,3,0,0.0016429353778751369
Cliente 195,3,0,0.0016429353778751369
Cliente 353,3,0,0.0016429353778751369
Cliente 180,3,1,0.0016429353778751369
Cliente 347,3,0,0.0016429353778751369
Cliente 356,3,0,0.0016429353778751369
Cliente 326,3,0,0.0016429353778751369
Cliente 030,3,0,0.0016429353778751369
Cliente 008,2,0,0.001095290251916758
Cliente 014,2,0,0.001095290251916758
Cliente 019,2,0,0.001095290251916758
Cliente 012,2,0,0.001095290251916758
Cliente 028,2,1,0.001095290251916758
Cliente 345,2,0,0.001095290251916758
Cliente 029,2,1,0.001095290251916758
Cliente 177,2,0,0.001095290251916758
Cliente 348,2,0,0.001095290251916758
Cliente 027,2,1,0.001095290251916758
Cliente 296,2,0,0.001095290251916758
Cliente 063,2,0,0.001095290251916758
Cliente 052,2,0,0.001095290251916758
Cliente 132,2,0,0.001095290251916758
Cliente 070,2,0,0.001095290251916758
Cliente 075,2,0,0.001095290251916758
Cliente 081,2,0,0.001095290251916758
Cliente 242,2,0,0.001095290251916758
Cliente 240,2,0,0.001095290251916758
Cliente 231,2,0,0.001095290251916758
Cliente 246,2,0,0.001095290251916758
Cliente 118,2,0,0.001095290251916758
Cliente 115,2,0,0.001095290251916758
Cliente 125,2,0,0.001095290251916758
Cliente 124,2,0,0.001095290251916758
Cliente 255,2,0,0.001095290251916758
Cliente 102,2,0,0.001095290251916758
Cliente 237,2,0,0.001095290251916758
Cliente 236,2,0,0.001095290251916758
Cliente 160,2,0,0.001095290251916758
Cliente 165,2,0,0.001095290251916758
Cliente 145,2,0,0.001095290251916758
Cliente 154,2,0,0.001095290251916758
Cliente 147,2,0,0.001095290251916758
Cliente 218,2,0,0.001095290251916758
Cliente 216,2,0,0.001095290251916758
Cliente 214,2,0,0.001095290251916758
Cliente 202,2,0,0.001095290251916758
Cliente 204,2,0,0.001095290251916758
Cliente 205,2,0,0.001095290251916758
Cliente 206,2,0,0.001095290251916758
Cliente 196,2,0,0.001095290251916758
Cliente 186,2,0,0.001095290251916758
Cliente 184,2,0,0.001095290251916758
Cliente 182,2,0,0.001095290251916758
Cliente 264,2,0,0.001095290251916758
Cliente 096,2,0,0.001095290251916758
Cliente 314,2,0,0.001095290251916758
Cliente 295,2,0,0.001095290251916758
Cliente 306,2,0,0.001095290251916758
Cliente 310,2,0,0.001095290251916758
Cliente 291,2,0,0.001095290251916758
Cliente 293,2,0,0.001095290251916758
Cliente 275,2,0,0.001095290251916758
Cliente 280,2,0,0.001095290251916758
Cliente 305,2,0,0.001095290251916758
Cliente 362,2,0,0.001095290251916758
Cliente 359,2,0,0.001095290251916758
Cliente 319,2,0,0.001095290251916758
Cliente 311,2,0,0.001095290251916758
Cliente 173,1,0,0.000547645125958379
Cliente 179,1,0,0.000547645125958379
Cliente 178,1,0,0.000547645125958379
Cliente 031,1,0,0.000547645125958379
Cliente 330,1,0,0.000547645125958379
Cliente 327,1,0,0.000547645125958379
Cliente 036,1,0,0.000547645125958379
Cliente 035,1,0,0.000547645125958379
Cliente 034,1,0,0.000547645125958379
Cliente 026,1,0,0.000547645125958379
Cliente 023,1,0,0.000547645125958379
Cliente 007,1,0,0.000547645125958379
Cliente 011,1,0,0.000547645125958379
Cliente 015,1,0,0.000547645125958379
Cliente 018,1,0,0.000547645125958379
Cliente 020,1,0,0.000547645125958379
Cliente 021,1,0,0.000547645125958379
Cliente 006,1,0,0.000547645125958379
Cliente 010,1,0,0.000547645125958379
Cliente 009,1,0,0.000547645125958379
Cliente 171,1,0,0.000547645125958379
Cliente 168,1,0,0.000547645125958379
Cliente 170,1,0,0.000547645125958379
Cliente 005,1,0,0.000547645125958379
Cliente 354,1,0,0.000547645125958379
Cliente 341,1,0,0.000547645125958379
Cliente 352,1,0,0.000547645125958379
Cliente 349,1,0,0.000547645125958379
Cliente 343,1,0,0.000547645125958379
Cliente 342,1,0,0.000547645125958379
Cliente 333,1,0,0.000547645125958379
Cliente 337,1,0,0.000547645125958379
Cliente 338,1,0,0.000547645125958379
Cliente 033,1,0,0.000547645125958379
Cliente 032,1,0,0.000547645125958379
Cliente 157,1,0,0.000547645125958379
Cliente 155,1,0,0.000547645125958379
Cliente 144,1,0,0.000547645125958379
Cliente 138,1,0,0.000547645125958379
Cliente 139,1,0,0.000547645125958379
Cliente 140,1,0,0.000547645125958379
Cliente 229,1,0,0.000547645125958379
Cliente 228,1,0,0.000547645125958379
Cliente 152,1,0,0.000547645125958379
Cliente 149,1,0,0.000547645125958379
Cliente 211,1,0,0.000547645125958379
Cliente 188,1,0,0.000547645125958379
Cliente 194,1,0,0.000547645125958379
Cliente 187,1,0,0.000547645125958379
Cliente 131,1,0,0.000547645125958379
Cliente 130,1,0,0.000547645125958379
Cliente 129,1,0,0.000547645125958379
Cliente 126,1,0,0.000547645125958379
Cliente 116,1,0,0.000547645125958379
Cliente 104,1,0,0.000547645125958379
Cliente 112,1,0,0.000547645125958379
Cliente 113,1,0,0.000547645125958379
Cliente 253,1,0,0.000547645125958379
Cliente 252,1,0,0.000547645125958379
Cliente 159,1,0,0.000547645125958379
Cliente 162,1,0,0.000547645125958379
Cliente 158,1,0,0.000547645125958379
Cliente 241,1,0,0.000547645125958379
Cliente 247,1,0,0.000547645125958379
Cliente 249,1,0,0.000547645125958379
Cliente 163,1,0,0.000547645125958379
Cliente 234,1,0,0.000547645125958379
Cliente 190,1,0,0.000547645125958379
Cliente 221,1,0,0.000547645125958379
Cliente 137,1,0,0.000547645125958379
Cliente 227,1,0,0.000547645125958379
Cliente 269,1,0,0.000547645125958379
Cliente 267,1,0,0.000547645125958379
Cliente 272,1,0,0.000547645125958379
Cliente 271,1,0,0.000547645125958379
Cliente 263,1,0,0.000547645125958379
Cliente 266,1,0,0.000547645125958379
Cliente 086,1,0,0.000547645125958379
Cliente 097,1,0,0.000547645125958379
Cliente 084,1,0,0.000547645125958379
Cliente 133,1,0,0.000547645125958379
Cliente 051,1,0,0.000547645125958379
Cliente 050,1,0,0.000547645125958379
Cliente 049,1,0,0.000547645125958379
Cliente 048,1,1,0.000547645125958379
Cliente 047,1,0,0.000547645125958379
Cliente 046,1,0,0.000547645125958379
Cliente 044,1,0,0.000547645125958379
Cliente 043,1,0,0.000547645125958379
Cliente 042,1,0,0.000547645125958379
Cliente 039,1,0,0.000547645125958379
Cliente 292,1,0,0.000547645125958379
Cliente 287,1,0,0.000547645125958379
Cliente 297,1,0,0.000547645125958379
Cliente 068,1,0,0.000547645125958379
Cliente 055,1,0,0.000547645125958379
Cliente 056,1,0,0.000547645125958379
Cliente 309,1,0,0.000547645125958379
Cliente 308,1,0,0.000547645125958379
Cliente 299,1,0,0.000547645125958379
Cliente 303,1,0,0.000547645125958379
Cliente 298,1,0,0.000547645125958379
Cliente 317,1,0,0.000547645125958379
Cliente 313,1,0,0.000547645125958379
Cliente 312,1,0,0.000547645125958379
Cliente 325,1,0,0.000547645125958379
Cliente 322,1,0,0.000547645125958379
Cliente 003,1,0,0.000547645125958379
Cliente 358,1,0,0.000547645125958379
Cliente 361,1,0,0.000547645125958379
Cliente 363,1,0,0.000547645125958379
Cliente 364,1,0,0.000547645125958379
Cliente 001,1,0,0.000547645125958379
