linha_origem,pedido,campo,original,tratado,regra
5148,,data_tratada,2026-08-18 00:00:00,2025-08-18,Correção confirmada pelo responsável em 07/10/2026: ano 2026 para 2025; mês e dia preservados.
5149,,data_tratada,2026-08-18 00:00:00,2025-08-18,Correção confirmada pelo responsável em 07/10/2026: ano 2026 para 2025; mês e dia preservados.
5150,,data_tratada,2026-08-18 00:00:00,2025-08-18,Correção confirmada pelo responsável em 07/10/2026: ano 2026 para 2025; mês e dia preservados.
5151,,data_tratada,2026-08-18 00:00:00,2025-08-18,Correção confirmada pelo responsável em 07/10/2026: ano 2026 para 2025; mês e dia preservados.
5152,266137,data_tratada,2026-08-18 00:00:00,2025-08-18,Correção confirmada pelo responsável em 07/10/2026: ano 2026 para 2025; mês e dia preservados.
5153,,data_tratada,2026-08-18 00:00:00,2025-08-18,Correção confirmada pelo responsável em 07/10/2026: ano 2026 para 2025; mês e dia preservados.
5154,266454,data_tratada,2026-08-18 00:00:00,2025-08-18,Correção confirmada pelo responsável em 07/10/2026: ano 2026 para 2025; mês e dia preservados.
5155,266454,data_tratada,2026-08-18 00:00:00,2025-08-18,Correção confirmada pelo responsável em 07/10/2026: ano 2026 para 2025; mês e dia preservados.
5156,266454,data_tratada,2026-08-18 00:00:00,2025-08-18,Correção confirmada pelo responsável em 07/10/2026: ano 2026 para 2025; mês e dia preservados.
5157,266533,data_tratada,2026-08-18 00:00:00,2025-08-18,Correção confirmada pelo responsável em 07/10/2026: ano 2026 para 2025; mês e dia preservados.
5158,266654,data_tratada,2026-08-18 00:00:00,2025-08-18,Correção confirmada pelo responsável em 07/10/2026: ano 2026 para 2025; mês e dia preservados.
5159,266208,data_tratada,2026-08-18 00:00:00,2025-08-18,Correção confirmada pelo responsável em 07/10/2026: ano 2026 para 2025; mês e dia preservados.
5160,11292,data_tratada,2026-08-18 00:00:00,2025-08-18,Correção confirmada pelo responsável em 07/10/2026: ano 2026 para 2025; mês e dia preservados.
5161,11292,data_tratada,2026-08-18 00:00:00,2025-08-18,Correção confirmada pelo responsável em 07/10/2026: ano 2026 para 2025; mês e dia preservados.
5162,11292,data_tratada,2026-08-18 00:00:00,2025-08-18,Correção confirmada pelo responsável em 07/10/2026: ano 2026 para 2025; mês e dia preservados.
5163,11292,data_tratada,2026-08-18 00:00:00,2025-08-18,Correção confirmada pelo responsável em 07/10/2026: ano 2026 para 2025; mês e dia preservados.
5164,11292,data_tratada,2026-08-18 00:00:00,2025-08-18,Correção confirmada pelo responsável em 07/10/2026: ano 2026 para 2025; mês e dia preservados.
5165,11292,data_tratada,2026-08-18 00:00:00,2025-08-18,Correção confirmada pelo responsável em 07/10/2026: ano 2026 para 2025; mês e dia preservados.
5166,11292,data_tratada,2026-08-18 00:00:00,2025-08-18,Correção confirmada pelo responsável em 07/10/2026: ano 2026 para 2025; mês e dia preservados.
5167,11292,data_tratada,2026-08-18 00:00:00,2025-08-18,Correção confirmada pelo responsável em 07/10/2026: ano 2026 para 2025; mês e dia preservados.
5168,11292,data_tratada,2026-08-18 00:00:00,2025-08-18,Correção confirmada pelo responsável em 07/10/2026: ano 2026 para 2025; mês e dia preservados.
5169,11292,data_tratada,2026-08-18 00:00:00,2025-08-18,Correção confirmada pelo responsável em 07/10/2026: ano 2026 para 2025; mês e dia preservados.
5170,11292,data_tratada,2026-08-18 00:00:00,2025-08-18,Correção confirmada pelo responsável em 07/10/2026: ano 2026 para 2025; mês e dia preservados.
5171,11292,data_tratada,2026-08-18 00:00:00,2025-08-18,Correção confirmada pelo responsável em 07/10/2026: ano 2026 para 2025; mês e dia preservados.
5172,11292,data_tratada,2026-08-18 00:00:00,2025-08-18,Correção confirmada pelo responsável em 07/10/2026: ano 2026 para 2025; mês e dia preservados.
5173,11292,data_tratada,2026-08-18 00:00:00,2025-08-18,Correção confirmada pelo responsável em 07/10/2026: ano 2026 para 2025; mês e dia preservados.
5174,11292,data_tratada,2026-08-18 00:00:00,2025-08-18,Correção confirmada pelo responsável em 07/10/2026: ano 2026 para 2025; mês e dia preservados.
5175,266137,data_tratada,2026-08-18 00:00:00,2025-08-18,Correção confirmada pelo responsável em 07/10/2026: ano 2026 para 2025; mês e dia preservados.
5176,266137,data_tratada,2026-08-18 00:00:00,2025-08-18,Correção confirmada pelo responsável em 07/10/2026: ano 2026 para 2025; mês e dia preservados.
5177,266715,data_tratada,2026-08-18 00:00:00,2025-08-18,Correção confirmada pelo responsável em 07/10/2026: ano 2026 para 2025; mês e dia preservados.
5178,11315,data_tratada,2026-08-18 00:00:00,2025-08-18,Correção confirmada pelo responsável em 07/10/2026: ano 2026 para 2025; mês e dia preservados.
5179,11315,data_tratada,2026-08-18 00:00:00,2025-08-18,Correção confirmada pelo responsável em 07/10/2026: ano 2026 para 2025; mês e dia preservados.
5180,11315,data_tratada,2026-08-18 00:00:00,2025-08-18,Correção confirmada pelo responsável em 07/10/2026: ano 2026 para 2025; mês e dia preservados.
5181,11315,data_tratada,2026-08-18 00:00:00,2025-08-18,Correção confirmada pelo responsável em 07/10/2026: ano 2026 para 2025; mês e dia preservados.
5182,11315,data_tratada,2026-08-18 00:00:00,2025-08-18,Correção confirmada pelo responsável em 07/10/2026: ano 2026 para 2025; mês e dia preservados.
5183,11315,data_tratada,2026-08-18 00:00:00,2025-08-18,Correção confirmada pelo responsável em 07/10/2026: ano 2026 para 2025; mês e dia preservados.
5184,11315,data_tratada,2026-08-18 00:00:00,2025-08-18,Correção confirmada pelo responsável em 07/10/2026: ano 2026 para 2025; mês e dia preservados.
5185,11315,data_tratada,2026-08-18 00:00:00,2025-08-18,Correção confirmada pelo responsável em 07/10/2026: ano 2026 para 2025; mês e dia preservados.
5186,11315,data_tratada,2026-08-18 00:00:00,2025-08-18,Correção confirmada pelo responsável em 07/10/2026: ano 2026 para 2025; mês e dia preservados.
5187,11315,data_tratada,2026-08-18 00:00:00,2025-08-18,Correção confirmada pelo responsável em 07/10/2026: ano 2026 para 2025; mês e dia preservados.
5188,11315,data_tratada,2026-08-18 00:00:00,2025-08-18,Correção confirmada pelo responsável em 07/10/2026: ano 2026 para 2025; mês e dia preservados.
5189,11315,data_tratada,2026-08-18 00:00:00,2025-08-18,Correção confirmada pelo responsável em 07/10/2026: ano 2026 para 2025; mês e dia preservados.
5190,11315,data_tratada,2026-08-18 00:00:00,2025-08-18,Correção confirmada pelo responsável em 07/10/2026: ano 2026 para 2025; mês e dia preservados.
5191,11315,data_tratada,2026-08-18 00:00:00,2025-08-18,Correção confirmada pelo responsável em 07/10/2026: ano 2026 para 2025; mês e dia preservados.
5192,11315,data_tratada,2026-08-18 00:00:00,2025-08-18,Correção confirmada pelo responsável em 07/10/2026: ano 2026 para 2025; mês e dia preservados.
5193,11315,data_tratada,2026-08-18 00:00:00,2025-08-18,Correção confirmada pelo responsável em 07/10/2026: ano 2026 para 2025; mês e dia preservados.
5194,11315,data_tratada,2026-08-18 00:00:00,2025-08-18,Correção confirmada pelo responsável em 07/10/2026: ano 2026 para 2025; mês e dia preservados.
5195,11315,data_tratada,2026-08-18 00:00:00,2025-08-18,Correção confirmada pelo responsável em 07/10/2026: ano 2026 para 2025; mês e dia preservados.
5196,11315,data_tratada,2026-08-18 00:00:00,2025-08-18,Correção confirmada pelo responsável em 07/10/2026: ano 2026 para 2025; mês e dia preservados.
5197,266721,data_tratada,2026-08-18 00:00:00,2025-08-18,Correção confirmada pelo responsável em 07/10/2026: ano 2026 para 2025; mês e dia preservados.
5198,266721,data_tratada,2026-08-18 00:00:00,2025-08-18,Correção confirmada pelo responsável em 07/10/2026: ano 2026 para 2025; mês e dia preservados.
5199,266721,data_tratada,2026-08-18 00:00:00,2025-08-18,Correção confirmada pelo responsável em 07/10/2026: ano 2026 para 2025; mês e dia preservados.
5200,266721,data_tratada,2026-08-18 00:00:00,2025-08-18,Correção confirmada pelo responsável em 07/10/2026: ano 2026 para 2025; mês e dia preservados.
5201,266721,data_tratada,2026-08-18 00:00:00,2025-08-18,Correção confirmada pelo responsável em 07/10/2026: ano 2026 para 2025; mês e dia preservados.
5202,266664,data_tratada,2026-08-18 00:00:00,2025-08-18,Correção confirmada pelo responsável em 07/10/2026: ano 2026 para 2025; mês e dia preservados.
5203,266664,data_tratada,2026-08-18 00:00:00,2025-08-18,Correção confirmada pelo responsável em 07/10/2026: ano 2026 para 2025; mês e dia preservados.
5204,266596,data_tratada,2026-08-18 00:00:00,2025-08-18,Correção confirmada pelo responsável em 07/10/2026: ano 2026 para 2025; mês e dia preservados.
5205,266596,data_tratada,2026-08-18 00:00:00,2025-08-18,Correção confirmada pelo responsável em 07/10/2026: ano 2026 para 2025; mês e dia preservados.
5206,266596,data_tratada,2026-08-18 00:00:00,2025-08-18,Correção confirmada pelo responsável em 07/10/2026: ano 2026 para 2025; mês e dia preservados.
5207,266596,data_tratada,2026-08-18 00:00:00,2025-08-18,Correção confirmada pelo responsável em 07/10/2026: ano 2026 para 2025; mês e dia preservados.
5208,266596,data_tratada,2026-08-18 00:00:00,2025-08-18,Correção confirmada pelo responsável em 07/10/2026: ano 2026 para 2025; mês e dia preservados.
5209,266596,data_tratada,2026-08-18 00:00:00,2025-08-18,Correção confirmada pelo responsável em 07/10/2026: ano 2026 para 2025; mês e dia preservados.
5210,266596,data_tratada,2026-08-18 00:00:00,2025-08-18,Correção confirmada pelo responsável em 07/10/2026: ano 2026 para 2025; mês e dia preservados.
5211,11376,data_tratada,2026-08-18 00:00:00,2025-08-18,Correção confirmada pelo responsável em 07/10/2026: ano 2026 para 2025; mês e dia preservados.
5212,11376,data_tratada,2026-08-18 00:00:00,2025-08-18,Correção confirmada pelo responsável em 07/10/2026: ano 2026 para 2025; mês e dia preservados.
5213,11376,data_tratada,2026-08-18 00:00:00,2025-08-18,Correção confirmada pelo responsável em 07/10/2026: ano 2026 para 2025; mês e dia preservados.
5214,11376,data_tratada,2026-08-18 00:00:00,2025-08-18,Correção confirmada pelo responsável em 07/10/2026: ano 2026 para 2025; mês e dia preservados.
5215,11376,data_tratada,2026-08-18 00:00:00,2025-08-18,Correção confirmada pelo responsável em 07/10/2026: ano 2026 para 2025; mês e dia preservados.
5216,11376,data_tratada,2026-08-18 00:00:00,2025-08-18,Correção confirmada pelo responsável em 07/10/2026: ano 2026 para 2025; mês e dia preservados.
5217,11376,data_tratada,2026-08-18 00:00:00,2025-08-18,Correção confirmada pelo responsável em 07/10/2026: ano 2026 para 2025; mês e dia preservados.
5218,11376,data_tratada,2026-08-18 00:00:00,2025-08-18,Correção confirmada pelo responsável em 07/10/2026: ano 2026 para 2025; mês e dia preservados.
5219,11376,data_tratada,2026-08-18 00:00:00,2025-08-18,Correção confirmada pelo responsável em 07/10/2026: ano 2026 para 2025; mês e dia preservados.
5220,11376,data_tratada,2026-08-18 00:00:00,2025-08-18,Correção confirmada pelo responsável em 07/10/2026: ano 2026 para 2025; mês e dia preservados.
5221,11376,data_tratada,2026-08-18 00:00:00,2025-08-18,Correção confirmada pelo responsável em 07/10/2026: ano 2026 para 2025; mês e dia preservados.
5222,11376,data_tratada,2026-08-18 00:00:00,2025-08-18,Correção confirmada pelo responsável em 07/10/2026: ano 2026 para 2025; mês e dia preservados.
5223,11376,data_tratada,2026-08-18 00:00:00,2025-08-18,Correção confirmada pelo responsável em 07/10/2026: ano 2026 para 2025; mês e dia preservados.
5224,11376,data_tratada,2026-08-18 00:00:00,2025-08-18,Correção confirmada pelo responsável em 07/10/2026: ano 2026 para 2025; mês e dia preservados.
5225,11376,data_tratada,2026-08-18 00:00:00,2025-08-18,Correção confirmada pelo responsável em 07/10/2026: ano 2026 para 2025; mês e dia preservados.
5226,11376,data_tratada,2026-08-18 00:00:00,2025-08-18,Correção confirmada pelo responsável em 07/10/2026: ano 2026 para 2025; mês e dia preservados.
5227,11376,data_tratada,2026-08-18 00:00:00,2025-08-18,Correção confirmada pelo responsável em 07/10/2026: ano 2026 para 2025; mês e dia preservados.
5228,11376,data_tratada,2026-08-18 00:00:00,2025-08-18,Correção confirmada pelo responsável em 07/10/2026: ano 2026 para 2025; mês e dia preservados.
5229,11376,data_tratada,2026-08-18 00:00:00,2025-08-18,Correção confirmada pelo responsável em 07/10/2026: ano 2026 para 2025; mês e dia preservados.
5230,11376,data_tratada,2026-08-18 00:00:00,2025-08-18,Correção confirmada pelo responsável em 07/10/2026: ano 2026 para 2025; mês e dia preservados.
5231,11376,data_tratada,2026-08-18 00:00:00,2025-08-18,Correção confirmada pelo responsável em 07/10/2026: ano 2026 para 2025; mês e dia preservados.
5232,11376,data_tratada,2026-08-18 00:00:00,2025-08-18,Correção confirmada pelo responsável em 07/10/2026: ano 2026 para 2025; mês e dia preservados.
5233,11376,data_tratada,2026-08-18 00:00:00,2025-08-18,Correção confirmada pelo responsável em 07/10/2026: ano 2026 para 2025; mês e dia preservados.
5234,11376,data_tratada,2026-08-18 00:00:00,2025-08-18,Correção confirmada pelo responsável em 07/10/2026: ano 2026 para 2025; mês e dia preservados.
5235,11376,data_tratada,2026-08-18 00:00:00,2025-08-18,Correção confirmada pelo responsável em 07/10/2026: ano 2026 para 2025; mês e dia preservados.
5236,11376,data_tratada,2026-08-18 00:00:00,2025-08-18,Correção confirmada pelo responsável em 07/10/2026: ano 2026 para 2025; mês e dia preservados.
5237,11376,data_tratada,2026-08-18 00:00:00,2025-08-18,Correção confirmada pelo responsável em 07/10/2026: ano 2026 para 2025; mês e dia preservados.
5238,11376,data_tratada,2026-08-18 00:00:00,2025-08-18,Correção confirmada pelo responsável em 07/10/2026: ano 2026 para 2025; mês e dia preservados.
5239,11376,data_tratada,2026-08-18 00:00:00,2025-08-18,Correção confirmada pelo responsável em 07/10/2026: ano 2026 para 2025; mês e dia preservados.
5240,11376,data_tratada,2026-08-18 00:00:00,2025-08-18,Correção confirmada pelo responsável em 07/10/2026: ano 2026 para 2025; mês e dia preservados.
5241,266179,data_tratada,2026-08-18 00:00:00,2025-08-18,Correção confirmada pelo responsável em 07/10/2026: ano 2026 para 2025; mês e dia preservados.
5242,266179,data_tratada,2026-08-18 00:00:00,2025-08-18,Correção confirmada pelo responsável em 07/10/2026: ano 2026 para 2025; mês e dia preservados.
5243,266630,data_tratada,2026-08-21 00:00:00,2025-08-21,Correção confirmada pelo responsável em 07/10/2026: ano 2026 para 2025; mês e dia preservados.
5244,266630,data_tratada,2026-08-21 00:00:00,2025-08-21,Correção confirmada pelo responsável em 07/10/2026: ano 2026 para 2025; mês e dia preservados.
5245,266491,data_tratada,2026-08-21 00:00:00,2025-08-21,Correção confirmada pelo responsável em 07/10/2026: ano 2026 para 2025; mês e dia preservados.
5246,266491,data_tratada,2026-08-21 00:00:00,2025-08-21,Correção confirmada pelo responsável em 07/10/2026: ano 2026 para 2025; mês e dia preservados.
5247,266491,data_tratada,2026-08-21 00:00:00,2025-08-21,Correção confirmada pelo responsável em 07/10/2026: ano 2026 para 2025; mês e dia preservados.
5248,266491,data_tratada,2026-08-21 00:00:00,2025-08-21,Correção confirmada pelo responsável em 07/10/2026: ano 2026 para 2025; mês e dia preservados.
5249,266413,data_tratada,2026-08-21 00:00:00,2025-08-21,Correção confirmada pelo responsável em 07/10/2026: ano 2026 para 2025; mês e dia preservados.
5250,266413,data_tratada,2026-08-21 00:00:00,2025-08-21,Correção confirmada pelo responsável em 07/10/2026: ano 2026 para 2025; mês e dia preservados.
5251,266413,data_tratada,2026-08-21 00:00:00,2025-08-21,Correção confirmada pelo responsável em 07/10/2026: ano 2026 para 2025; mês e dia preservados.
5252,266766,data_tratada,2026-08-21 00:00:00,2025-08-21,Correção confirmada pelo responsável em 07/10/2026: ano 2026 para 2025; mês e dia preservados.
5253,264045,data_tratada,2026-08-21 00:00:00,2025-08-21,Correção confirmada pelo responsável em 07/10/2026: ano 2026 para 2025; mês e dia preservados.
5254,266804,data_tratada,2026-08-21 00:00:00,2025-08-21,Correção confirmada pelo responsável em 07/10/2026: ano 2026 para 2025; mês e dia preservados.
5255,266765,data_tratada,2026-08-21 00:00:00,2025-08-21,Correção confirmada pelo responsável em 07/10/2026: ano 2026 para 2025; mês e dia preservados.
5256,263112,data_tratada,2026-08-21 00:00:00,2025-08-21,Correção confirmada pelo responsável em 07/10/2026: ano 2026 para 2025; mês e dia preservados.
5257,266777,data_tratada,2026-08-21 00:00:00,2025-08-21,Correção confirmada pelo responsável em 07/10/2026: ano 2026 para 2025; mês e dia preservados.
5258,266046,data_tratada,2026-08-21 00:00:00,2025-08-21,Correção confirmada pelo responsável em 07/10/2026: ano 2026 para 2025; mês e dia preservados.
5259,265793,data_tratada,2026-08-21 00:00:00,2025-08-21,Correção confirmada pelo responsável em 07/10/2026: ano 2026 para 2025; mês e dia preservados.
5260,265865,data_tratada,2026-08-22 00:00:00,2025-08-22,Correção confirmada pelo responsável em 07/10/2026: ano 2026 para 2025; mês e dia preservados.
5261,11395,data_tratada,2026-08-22 00:00:00,2025-08-22,Correção confirmada pelo responsável em 07/10/2026: ano 2026 para 2025; mês e dia preservados.
5262,11395,data_tratada,2026-08-22 00:00:00,2025-08-22,Correção confirmada pelo responsável em 07/10/2026: ano 2026 para 2025; mês e dia preservados.
5263,11395,data_tratada,2026-08-22 00:00:00,2025-08-22,Correção confirmada pelo responsável em 07/10/2026: ano 2026 para 2025; mês e dia preservados.
5264,11395,data_tratada,2026-08-22 00:00:00,2025-08-22,Correção confirmada pelo responsável em 07/10/2026: ano 2026 para 2025; mês e dia preservados.
5265,11395,data_tratada,2026-08-22 00:00:00,2025-08-22,Correção confirmada pelo responsável em 07/10/2026: ano 2026 para 2025; mês e dia preservados.
5266,11395,data_tratada,2026-08-22 00:00:00,2025-08-22,Correção confirmada pelo responsável em 07/10/2026: ano 2026 para 2025; mês e dia preservados.
5267,11395,data_tratada,2026-08-22 00:00:00,2025-08-22,Correção confirmada pelo responsável em 07/10/2026: ano 2026 para 2025; mês e dia preservados.
5268,11395,data_tratada,2026-08-22 00:00:00,2025-08-22,Correção confirmada pelo responsável em 07/10/2026: ano 2026 para 2025; mês e dia preservados.
5269,11395,data_tratada,2026-08-22 00:00:00,2025-08-22,Correção confirmada pelo responsável em 07/10/2026: ano 2026 para 2025; mês e dia preservados.
5270,11395,data_tratada,2026-08-22 00:00:00,2025-08-22,Correção confirmada pelo responsável em 07/10/2026: ano 2026 para 2025; mês e dia preservados.
5271,11395,data_tratada,2026-08-22 00:00:00,2025-08-22,Correção confirmada pelo responsável em 07/10/2026: ano 2026 para 2025; mês e dia preservados.
5272,11395,data_tratada,2026-08-22 00:00:00,2025-08-22,Correção confirmada pelo responsável em 07/10/2026: ano 2026 para 2025; mês e dia preservados.
5273,11395,data_tratada,2026-08-22 00:00:00,2025-08-22,Correção confirmada pelo responsável em 07/10/2026: ano 2026 para 2025; mês e dia preservados.
5274,11395,data_tratada,2026-08-22 00:00:00,2025-08-22,Correção confirmada pelo responsável em 07/10/2026: ano 2026 para 2025; mês e dia preservados.
5275,11395,data_tratada,2026-08-22 00:00:00,2025-08-22,Correção confirmada pelo responsável em 07/10/2026: ano 2026 para 2025; mês e dia preservados.
5276,11395,data_tratada,2026-08-22 00:00:00,2025-08-22,Correção confirmada pelo responsável em 07/10/2026: ano 2026 para 2025; mês e dia preservados.
5277,11395,data_tratada,2026-08-22 00:00:00,2025-08-22,Correção confirmada pelo responsável em 07/10/2026: ano 2026 para 2025; mês e dia preservados.
5278,11395,data_tratada,2026-08-22 00:00:00,2025-08-22,Correção confirmada pelo responsável em 07/10/2026: ano 2026 para 2025; mês e dia preservados.
5279,11395,data_tratada,2026-08-22 00:00:00,2025-08-22,Correção confirmada pelo responsável em 07/10/2026: ano 2026 para 2025; mês e dia preservados.
5280,11395,data_tratada,2026-08-22 00:00:00,2025-08-22,Correção confirmada pelo responsável em 07/10/2026: ano 2026 para 2025; mês e dia preservados.
5281,11395,data_tratada,2026-08-22 00:00:00,2025-08-22,Correção confirmada pelo responsável em 07/10/2026: ano 2026 para 2025; mês e dia preservados.
5282,11395,data_tratada,2026-08-22 00:00:00,2025-08-22,Correção confirmada pelo responsável em 07/10/2026: ano 2026 para 2025; mês e dia preservados.
5283,11395,data_tratada,2026-08-22 00:00:00,2025-08-22,Correção confirmada pelo responsável em 07/10/2026: ano 2026 para 2025; mês e dia preservados.
5284,11395,data_tratada,2026-08-22 00:00:00,2025-08-22,Correção confirmada pelo responsável em 07/10/2026: ano 2026 para 2025; mês e dia preservados.
5285,11395,data_tratada,2026-08-22 00:00:00,2025-08-22,Correção confirmada pelo responsável em 07/10/2026: ano 2026 para 2025; mês e dia preservados.
5286,11395,data_tratada,2026-08-22 00:00:00,2025-08-22,Correção confirmada pelo responsável em 07/10/2026: ano 2026 para 2025; mês e dia preservados.
5287,11395,data_tratada,2026-08-22 00:00:00,2025-08-22,Correção confirmada pelo responsável em 07/10/2026: ano 2026 para 2025; mês e dia preservados.
5288,11395,data_tratada,2026-08-22 00:00:00,2025-08-22,Correção confirmada pelo responsável em 07/10/2026: ano 2026 para 2025; mês e dia preservados.
5289,266781,data_tratada,2026-08-23 00:00:00,2025-08-23,Correção confirmada pelo responsável em 07/10/2026: ano 2026 para 2025; mês e dia preservados.
5290,266570,data_tratada,2026-08-23 00:00:00,2025-08-23,Correção confirmada pelo responsável em 07/10/2026: ano 2026 para 2025; mês e dia preservados.
5291,266570,data_tratada,2026-08-23 00:00:00,2025-08-23,Correção confirmada pelo responsável em 07/10/2026: ano 2026 para 2025; mês e dia preservados.
5292,266946,data_tratada,2026-08-23 00:00:00,2025-08-23,Correção confirmada pelo responsável em 07/10/2026: ano 2026 para 2025; mês e dia preservados.
5293,266946,data_tratada,2026-08-23 00:00:00,2025-08-23,Correção confirmada pelo responsável em 07/10/2026: ano 2026 para 2025; mês e dia preservados.
5294,263422,data_tratada,2026-08-23 00:00:00,2025-08-23,Correção confirmada pelo responsável em 07/10/2026: ano 2026 para 2025; mês e dia preservados.
5295,263422,data_tratada,2026-08-23 00:00:00,2025-08-23,Correção confirmada pelo responsável em 07/10/2026: ano 2026 para 2025; mês e dia preservados.
5296,266940,data_tratada,2026-08-23 00:00:00,2025-08-23,Correção confirmada pelo responsável em 07/10/2026: ano 2026 para 2025; mês e dia preservados.
5297,266909,data_tratada,2026-08-23 00:00:00,2025-08-23,Correção confirmada pelo responsável em 07/10/2026: ano 2026 para 2025; mês e dia preservados.
5298,266782,data_tratada,2026-08-23 00:00:00,2025-08-23,Correção confirmada pelo responsável em 07/10/2026: ano 2026 para 2025; mês e dia preservados.
5299,266808,data_tratada,2026-08-23 00:00:00,2025-08-23,Correção confirmada pelo responsável em 07/10/2026: ano 2026 para 2025; mês e dia preservados.
5300,266808,data_tratada,2026-08-23 00:00:00,2025-08-23,Correção confirmada pelo responsável em 07/10/2026: ano 2026 para 2025; mês e dia preservados.
5301,266808,data_tratada,2026-08-23 00:00:00,2025-08-23,Correção confirmada pelo responsável em 07/10/2026: ano 2026 para 2025; mês e dia preservados.
5302,266598,data_tratada,2026-08-23 00:00:00,2025-08-23,Correção confirmada pelo responsável em 07/10/2026: ano 2026 para 2025; mês e dia preservados.
5303,266598,data_tratada,2026-08-23 00:00:00,2025-08-23,Correção confirmada pelo responsável em 07/10/2026: ano 2026 para 2025; mês e dia preservados.
5304,266598,data_tratada,2026-08-23 00:00:00,2025-08-23,Correção confirmada pelo responsável em 07/10/2026: ano 2026 para 2025; mês e dia preservados.
5305,266598,data_tratada,2026-08-23 00:00:00,2025-08-23,Correção confirmada pelo responsável em 07/10/2026: ano 2026 para 2025; mês e dia preservados.
5306,266598,data_tratada,2026-08-23 00:00:00,2025-08-23,Correção confirmada pelo responsável em 07/10/2026: ano 2026 para 2025; mês e dia preservados.
5307,266598,data_tratada,2026-08-23 00:00:00,2025-08-23,Correção confirmada pelo responsável em 07/10/2026: ano 2026 para 2025; mês e dia preservados.
5308,266598,data_tratada,2026-08-23 00:00:00,2025-08-23,Correção confirmada pelo responsável em 07/10/2026: ano 2026 para 2025; mês e dia preservados.
5309,266559,data_tratada,2026-08-23 00:00:00,2025-08-23,Correção confirmada pelo responsável em 07/10/2026: ano 2026 para 2025; mês e dia preservados.
5310,266559,data_tratada,2026-08-23 00:00:00,2025-08-23,Correção confirmada pelo responsável em 07/10/2026: ano 2026 para 2025; mês e dia preservados.
5311,266559,data_tratada,2026-08-23 00:00:00,2025-08-23,Correção confirmada pelo responsável em 07/10/2026: ano 2026 para 2025; mês e dia preservados.
5312,266982,data_tratada,2026-08-25 00:00:00,2025-08-25,Correção confirmada pelo responsável em 07/10/2026: ano 2026 para 2025; mês e dia preservados.
5313,266982,data_tratada,2026-08-25 00:00:00,2025-08-25,Correção confirmada pelo responsável em 07/10/2026: ano 2026 para 2025; mês e dia preservados.
5314,266982,data_tratada,2026-08-25 00:00:00,2025-08-25,Correção confirmada pelo responsável em 07/10/2026: ano 2026 para 2025; mês e dia preservados.
5315,266982,data_tratada,2026-08-25 00:00:00,2025-08-25,Correção confirmada pelo responsável em 07/10/2026: ano 2026 para 2025; mês e dia preservados.
5316,266982,data_tratada,2026-08-25 00:00:00,2025-08-25,Correção confirmada pelo responsável em 07/10/2026: ano 2026 para 2025; mês e dia preservados.
5317,266982,data_tratada,2026-08-25 00:00:00,2025-08-25,Correção confirmada pelo responsável em 07/10/2026: ano 2026 para 2025; mês e dia preservados.
5318,266984,data_tratada,2026-08-25 00:00:00,2025-08-25,Correção confirmada pelo responsável em 07/10/2026: ano 2026 para 2025; mês e dia preservados.
5319,266984,data_tratada,2026-08-25 00:00:00,2025-08-25,Correção confirmada pelo responsável em 07/10/2026: ano 2026 para 2025; mês e dia preservados.
5320,266903,data_tratada,2026-08-25 00:00:00,2025-08-25,Correção confirmada pelo responsável em 07/10/2026: ano 2026 para 2025; mês e dia preservados.
5321,266875,data_tratada,2026-08-25 00:00:00,2025-08-25,Correção confirmada pelo responsável em 07/10/2026: ano 2026 para 2025; mês e dia preservados.
5322,266455,data_tratada,2026-08-25 00:00:00,2025-08-25,Correção confirmada pelo responsável em 07/10/2026: ano 2026 para 2025; mês e dia preservados.
5323,266455,data_tratada,2026-08-25 00:00:00,2025-08-25,Correção confirmada pelo responsável em 07/10/2026: ano 2026 para 2025; mês e dia preservados.
5324,266455,data_tratada,2026-08-25 00:00:00,2025-08-25,Correção confirmada pelo responsável em 07/10/2026: ano 2026 para 2025; mês e dia preservados.
5325,262618,data_tratada,2026-08-25 00:00:00,2025-08-25,Correção confirmada pelo responsável em 07/10/2026: ano 2026 para 2025; mês e dia preservados.
