pedido_id,data,cliente_id,linhas_itens,com_corte,quantidade_completa,duplicata_candidata,mes
P000001,2025-02-19,Cliente 365,15,False,True,0,2025-02
P000002,2025-02-19,Cliente 357,23,False,True,0,2025-02
P000003,2025-02-20,Cliente 288,7,False,True,0,2025-02
P000004,2025-02-24,Cliente 357,19,False,True,0,2025-02
P000005,2025-03-13,Cliente 360,14,False,True,0,2025-03
P000006,2025-03-13,Cliente 365,19,False,True,0,2025-03
P000007,2025-03-15,Cliente 357,34,False,True,0,2025-03
P000008,2025-03-25,Cliente 365,21,False,True,0,2025-03
P000009,2025-03-24,Cliente 357,31,False,True,0,2025-03
P000010,2025-04-03,Cliente 365,20,False,True,0,2025-04
P000011,2025-04-04,Cliente 357,27,False,True,0,2025-04
P000012,2025-04-12,Cliente 357,36,True,True,0,2025-04
P000013,2025-04-17,Cliente 365,13,False,True,0,2025-04
P000014,2025-05-03,Cliente 360,13,False,True,0,2025-05
P000015,2025-04-22,Cliente 357,25,False,True,0,2025-04
P000016,2025-04-30,Cliente 365,15,False,True,0,2025-04
P000017,2025-05-09,Cliente 365,15,False,True,0,2025-05
P000018,2025-05-08,Cliente 357,34,False,True,0,2025-05
P000019,2025-05-14,Cliente 357,25,False,True,0,2025-05
P000020,2025-05-23,Cliente 365,11,True,True,0,2025-05
P000021,2025-05-21,Cliente 358,16,False,True,0,2025-05
P000022,2025-05-20,Cliente 357,30,False,True,0,2025-05
P000023,2025-05-30,Cliente 365,16,False,True,0,2025-05
P000024,2025-05-28,Cliente 357,22,False,True,0,2025-05
P000025,2025-06-13,Cliente 365,22,False,True,0,2025-06
P000026,2025-06-20,Cliente 363,13,False,True,0,2025-06
P000027,2025-06-30,Cliente 360,14,False,True,0,2025-06
P000028,2025-06-20,Cliente 362,13,False,True,0,2025-06
P000029,2025-06-24,Cliente 365,15,False,True,0,2025-06
P000030,2025-06-26,Cliente 357,33,True,True,0,2025-06
P000031,2025-07-03,Cliente 365,18,False,True,0,2025-07
P000032,2025-07-03,Cliente 357,31,True,True,0,2025-07
P000033,2025-07-08,Cliente 355,20,False,True,0,2025-07
P000034,2025-07-16,Cliente 365,16,False,True,0,2025-07
P000035,2025-07-14,Cliente 359,16,False,True,0,2025-07
P000036,2025-07-17,Cliente 355,30,True,True,0,2025-07
P000037,2025-07-21,Cliente 364,13,False,True,0,2025-07
P000038,2025-07-24,Cliente 365,17,False,True,0,2025-07
P000039,2025-07-29,Cliente 355,24,False,True,0,2025-07
P000040,2025-08-01,Cliente 365,20,True,True,0,2025-08
P000041,2025-08-18,Cliente 360,15,False,True,0,2025-08
P000042,2025-08-04,Cliente 355,25,False,True,0,2025-08
P000043,2025-08-12,Cliente 365,15,False,True,0,2025-08
P000044,2025-08-18,Cliente 362,19,False,True,0,2025-08
P000045,2025-08-14,Cliente 356,25,False,True,0,2025-08
P000046,2025-08-26,Cliente 365,22,False,True,0,2025-08
P000047,2025-08-18,Cliente 356,30,False,True,0,2025-08
P000048,2025-08-22,Cliente 356,28,False,True,0,2025-08
P000050,2025-08-28,Cliente 323,1,False,True,0,2025-08
P000051,2025-09-12,Cliente 365,18,False,True,0,2025-09
P000052,2025-09-05,Cliente 357,34,False,True,0,2025-09
P000053,2025-09-18,Cliente 365,13,False,True,0,2025-09
P000054,2025-09-15,Cliente 357,22,False,True,0,2025-09
P000055,2025-09-26,Cliente 365,13,False,True,0,2025-09
P000056,2025-10-10,Cliente 365,18,False,True,0,2025-10
P000057,2025-09-30,Cliente 359,17,False,True,0,2025-09
P000058,2025-09-30,Cliente 357,20,False,True,0,2025-09
P000059,2025-08-11,Cliente 244,1,False,True,0,2025-08
P000060,2025-04-17,Cliente 233,2,False,True,0,2025-04
P000061,2025-04-03,Cliente 107,2,False,True,0,2025-04
P000062,2025-03-08,Cliente 092,1,False,True,0,2025-03
P000063,2025-01-14,Cliente 226,1,False,True,0,2025-01
P000064,2025-03-17,Cliente 183,1,False,True,0,2025-03
P000065,2025-01-24,Cliente 204,1,False,True,0,2025-01
P000066,2025-04-10,Cliente 091,1,False,True,0,2025-04
P000068,2025-03-26,Cliente 091,1,False,True,0,2025-03
P000069,2025-05-12,Cliente 091,1,False,True,0,2025-05
P000070,2025-03-05,Cliente 091,1,False,True,0,2025-03
P000071,2025-03-12,Cliente 091,1,False,True,0,2025-03
P000072,2025-02-26,Cliente 091,1,False,True,0,2025-02
P000073,2025-01-27,Cliente 095,3,False,True,0,2025-01
P000074,2025-01-14,Cliente 128,1,False,True,0,2025-01
P000075,2025-01-27,Cliente 092,1,False,True,0,2025-01
P000076,2025-01-27,Cliente 092,1,False,True,0,2025-01
P000077,2025-01-27,Cliente 092,1,False,True,0,2025-01
P000078,2025-01-09,Cliente 106,2,False,True,0,2025-01
P000079,2025-01-09,Cliente 252,1,False,True,0,2025-01
P000080,2025-01-16,Cliente 315,3,False,True,0,2025-01
P000081,2025-01-09,Cliente 061,1,False,True,0,2025-01
P000082,2025-01-18,Cliente 061,1,False,True,0,2025-01
P000083,2025-02-03,Cliente 061,1,False,True,0,2025-02
P000084,2025-01-29,Cliente 061,1,False,True,0,2025-01
P000085,2025-01-27,Cliente 061,1,False,True,0,2025-01
P000086,2025-01-22,Cliente 061,1,False,True,0,2025-01
P000087,2025-01-17,Cliente 175,9,False,True,0,2025-01
P000088,2025-01-08,Cliente 103,2,False,False,0,2025-01
P000089,2025-01-20,Cliente 073,1,False,True,0,2025-01
P000090,2025-01-09,Cliente 147,6,False,True,0,2025-01
P000091,2025-01-08,Cliente 245,7,False,True,0,2025-01
P000092,2025-01-10,Cliente 198,2,False,True,0,2025-01
P000093,2025-01-08,Cliente 103,1,False,True,0,2025-01
P000094,2025-01-09,Cliente 300,5,False,True,0,2025-01
P000095,2025-01-10,Cliente 308,2,False,True,0,2025-01
P000096,2025-01-10,Cliente 294,3,False,True,0,2025-01
P000097,2025-01-11,Cliente 201,4,False,True,0,2025-01
P000098,2025-01-11,Cliente 172,1,False,True,0,2025-01
P000099,2025-01-11,Cliente 185,5,False,True,0,2025-01
P000100,2025-01-09,Cliente 060,2,False,True,0,2025-01
P000101,2025-01-09,Cliente 187,6,False,True,0,2025-01
P000102,2025-01-14,Cliente 053,3,False,True,0,2025-01
P000103,2025-01-09,Cliente 024,5,False,True,0,2025-01
P000104,2025-01-14,Cliente 226,3,False,True,0,2025-01
P000105,2025-01-10,Cliente 169,1,False,True,0,2025-01
P000106,2025-01-10,Cliente 285,4,False,True,0,2025-01
P000107,2025-01-10,Cliente 283,5,False,True,0,2025-01
P000108,2025-01-10,Cliente 282,2,False,True,0,2025-01
P000109,2025-01-10,Cliente 284,5,False,True,0,2025-01
P000110,2025-01-11,Cliente 185,1,False,True,0,2025-01
P000111,2025-01-09,Cliente 123,1,False,True,0,2025-01
P000112,2025-01-15,Cliente 094,3,False,True,0,2025-01
P000113,2025-01-09,Cliente 094,1,False,True,0,2025-01
P000114,2025-01-20,Cliente 233,3,False,True,0,2025-01
P000115,2025-01-10,Cliente 280,12,False,True,0,2025-01
P000116,2025-01-10,Cliente 225,2,False,True,0,2025-01
P000117,2025-01-11,Cliente 185,1,False,True,0,2025-01
P000118,2025-01-10,Cliente 169,1,False,True,0,2025-01
P000119,2025-01-20,Cliente 105,1,False,True,0,2025-01
P000120,2025-01-20,Cliente 105,5,False,True,0,2025-01
P000121,2025-01-09,Cliente 054,1,False,True,0,2025-01
P000122,2025-01-09,Cliente 054,1,False,True,0,2025-01
P000123,2025-01-17,Cliente 107,2,False,True,0,2025-01
P000124,2025-01-17,Cliente 107,5,False,True,0,2025-01
P000125,2025-01-20,Cliente 073,6,False,True,0,2025-01
P000126,2025-01-09,Cliente 141,1,False,True,0,2025-01
P000127,2025-01-20,Cliente 073,1,False,True,0,2025-01
P000128,2025-01-14,Cliente 149,1,False,True,0,2025-01
P000129,2025-01-11,Cliente 223,4,False,True,0,2025-01
P000130,2025-01-16,Cliente 315,1,False,True,0,2025-01
P000131,2025-01-14,Cliente 117,4,False,True,0,2025-01
P000132,2025-01-14,Cliente 117,5,False,True,0,2025-01
P000133,2025-01-17,Cliente 148,6,False,True,0,2025-01
P000134,2025-01-13,Cliente 057,2,False,True,0,2025-01
P000135,2025-01-13,Cliente 057,2,False,True,0,2025-01
P000136,2025-01-24,Cliente 215,2,False,True,0,2025-01
P000137,2025-01-24,Cliente 258,4,False,True,1,2025-01
P000139,2025-01-24,Cliente 255,2,False,True,0,2025-01
P000140,2025-01-24,Cliente 204,1,False,True,0,2025-01
P000141,2025-01-24,Cliente 296,14,False,True,0,2025-01
P000142,2025-01-24,Cliente 292,3,False,True,0,2025-01
P000143,2025-01-24,Cliente 199,9,False,True,0,2025-01
P000144,2025-01-15,Cliente 307,3,False,True,0,2025-01
P000145,2025-01-29,Cliente 128,1,False,True,0,2025-01
P000146,2025-02-10,Cliente 128,1,False,True,0,2025-02
P000147,2025-01-15,Cliente 181,3,False,True,0,2025-01
P000148,2025-01-16,Cliente 089,2,False,True,0,2025-01
P000149,2025-01-15,Cliente 230,1,False,True,0,2025-01
P000150,2025-01-16,Cliente 164,3,False,True,0,2025-01
P000151,2025-01-20,Cliente 167,6,False,True,0,2025-01
P000152,2025-01-13,Cliente 118,3,False,True,0,2025-01
P000153,2025-01-20,Cliente 212,4,False,True,0,2025-01
P000154,2025-01-20,Cliente 080,3,False,True,0,2025-01
P000155,2025-01-14,Cliente 062,3,False,True,0,2025-01
P000156,2025-01-20,Cliente 062,1,False,True,0,2025-01
P000157,2025-01-20,Cliente 235,16,False,True,0,2025-01
P000158,2025-01-20,Cliente 078,6,False,True,0,2025-01
P000159,2025-01-20,Cliente 300,5,False,True,0,2025-01
P000160,2025-01-20,Cliente 224,2,False,True,0,2025-01
P000161,2025-01-16,Cliente 096,3,False,True,0,2025-01
P000162,2025-01-20,Cliente 276,1,False,True,0,2025-01
P000163,2025-01-20,Cliente 243,6,False,True,0,2025-01
P000164,2025-01-25,Cliente 203,2,False,True,0,2025-01
P000165,2025-01-25,Cliente 203,1,False,True,0,2025-01
P000166,2025-01-24,Cliente 190,7,False,True,0,2025-01
P000167,2025-01-20,Cliente 248,6,False,True,0,2025-01
P000168,2025-01-20,Cliente 243,5,False,True,0,2025-01
P000169,2025-01-20,Cliente 176,1,False,True,0,2025-01
P000170,2025-01-15,Cliente 103,3,False,True,0,2025-01
P000171,2025-01-27,Cliente 076,1,False,True,0,2025-01
P000172,2025-01-20,Cliente 024,6,False,True,0,2025-01
P000173,2025-01-20,Cliente 024,1,False,True,0,2025-01
P000174,2025-01-20,Cliente 316,1,False,True,0,2025-01
P000175,2025-01-15,Cliente 273,10,False,True,0,2025-01
P000176,2025-01-20,Cliente 316,1,False,True,0,2025-01
P000177,2025-01-22,Cliente 151,1,False,True,0,2025-01
P000178,2025-02-12,Cliente 305,1,False,True,0,2025-02
P000179,2025-01-20,Cliente 136,2,False,True,0,2025-01
P000180,2025-01-16,Cliente 222,4,False,True,0,2025-01
P000181,2025-01-16,Cliente 222,7,False,True,0,2025-01
P000182,2025-01-22,Cliente 238,7,False,True,0,2025-01
P000183,2025-01-20,Cliente 153,1,False,True,0,2025-01
P000185,2025-01-29,Cliente 210,1,False,True,0,2025-01
P000186,2025-01-20,Cliente 052,3,False,True,0,2025-01
P000187,2025-01-27,Cliente 311,1,False,True,0,2025-01
P000188,2025-01-28,Cliente 065,2,False,True,0,2025-01
P000189,2025-01-20,Cliente 120,3,False,True,0,2025-01
P000190,2025-01-23,Cliente 075,4,False,True,0,2025-01
P000191,2025-01-28,Cliente 241,2,False,True,0,2025-01
P000192,2025-01-24,Cliente 218,2,False,True,0,2025-01
P000193,2025-01-24,Cliente 060,3,False,True,0,2025-01
P000194,2025-01-27,Cliente 286,1,False,True,0,2025-01
P000195,2025-02-01,Cliente 313,3,False,True,0,2025-02
P000196,2025-01-22,Cliente 103,3,False,True,0,2025-01
P000197,2025-01-28,Cliente 191,3,False,True,0,2025-01
P000198,2025-01-28,Cliente 192,3,False,True,0,2025-01
P000199,2025-01-28,Cliente 193,2,False,True,0,2025-01
P000201,2025-01-28,Cliente 195,3,False,True,0,2025-01
P000202,2025-01-29,Cliente 079,2,False,True,0,2025-01
P000203,2025-01-29,Cliente 079,1,False,True,0,2025-01
P000204,2025-02-18,Cliente 091,1,False,True,0,2025-02
P000205,2025-01-29,Cliente 108,2,False,True,0,2025-01
P000206,2025-01-24,Cliente 169,2,False,True,0,2025-01
P000207,2025-02-06,Cliente 175,6,False,True,0,2025-02
P000208,2025-01-30,Cliente 024,6,False,True,0,2025-01
P000209,2025-01-24,Cliente 291,2,False,True,0,2025-01
P000210,2025-01-24,Cliente 249,2,False,True,0,2025-01
P000211,2025-01-28,Cliente 151,1,False,True,0,2025-01
P000212,2025-02-09,Cliente 169,2,False,True,0,2025-02
P000213,2025-02-04,Cliente 182,1,False,True,0,2025-02
P000214,2025-02-04,Cliente 185,3,False,True,0,2025-02
P000215,2025-01-28,Cliente 158,2,False,True,0,2025-01
P000216,2025-01-28,Cliente 168,2,False,True,0,2025-01
P000217,2025-01-24,Cliente 209,2,False,True,0,2025-01
P000218,2025-01-28,Cliente 114,1,False,True,0,2025-01
P000219,2025-01-29,Cliente 072,9,False,True,0,2025-01
P000220,2025-01-30,Cliente 024,2,False,True,0,2025-01
P000221,2025-01-30,Cliente 024,1,False,True,0,2025-01
P000222,2025-01-30,Cliente 024,1,False,True,0,2025-01
P000227,2025-01-30,Cliente 024,1,False,True,0,2025-01
P000228,2025-01-30,Cliente 024,1,False,True,0,2025-01
P000229,2025-01-30,Cliente 024,1,False,True,0,2025-01
P000231,2025-01-30,Cliente 024,1,False,True,0,2025-01
P000232,2025-01-30,Cliente 024,1,False,True,0,2025-01
P000234,2025-01-31,Cliente 144,2,False,True,0,2025-01
P000238,2025-01-30,Cliente 024,1,False,True,0,2025-01
P000239,2025-01-30,Cliente 024,1,False,True,0,2025-01
P000240,2025-01-30,Cliente 024,1,False,True,0,2025-01
P000241,2025-02-21,Cliente 294,1,False,True,0,2025-02
P000242,2025-01-30,Cliente 024,1,False,True,0,2025-01
P000243,2025-01-30,Cliente 024,1,False,True,0,2025-01
P000244,2025-01-30,Cliente 024,1,False,True,0,2025-01
P000246,2025-01-29,Cliente 077,6,False,True,0,2025-01
P000248,2025-01-30,Cliente 024,1,False,True,0,2025-01
P000249,2025-01-30,Cliente 024,1,False,True,0,2025-01
P000253,2025-02-10,Cliente 024,1,False,True,0,2025-02
P000255,2025-01-29,Cliente 213,1,False,True,0,2025-01
P000259,2025-01-29,Cliente 077,2,False,True,0,2025-01
P000260,2025-01-28,Cliente 067,9,False,True,0,2025-01
P000261,2025-01-24,Cliente 245,7,False,True,0,2025-01
P000262,2025-03-10,Cliente 062,6,False,True,0,2025-03
P000263,2025-02-08,Cliente 125,4,False,True,0,2025-02
P000264,2025-02-05,Cliente 093,2,False,True,0,2025-02
P000265,2025-01-29,Cliente 251,1,False,True,0,2025-01
P000266,2025-01-29,Cliente 289,3,False,True,0,2025-01
P000267,2025-02-07,Cliente 289,3,False,True,0,2025-02
P000268,2025-02-05,Cliente 205,4,False,True,0,2025-02
P000269,2025-02-05,Cliente 264,4,False,True,0,2025-02
P000270,2025-01-31,Cliente 057,2,False,True,0,2025-01
P000271,2025-02-06,Cliente 099,1,False,True,0,2025-02
P000272,2025-01-29,Cliente 094,5,False,True,0,2025-01
P000273,2025-02-07,Cliente 289,2,False,True,0,2025-02
P000274,2025-01-28,Cliente 222,2,True,True,0,2025-01
P000275,2025-01-28,Cliente 222,4,False,True,0,2025-01
P000276,2025-02-03,Cliente 117,6,True,True,0,2025-02
P000277,2025-01-31,Cliente 053,3,False,True,0,2025-01
P000278,2025-02-03,Cliente 117,1,False,True,0,2025-02
P000279,2025-02-07,Cliente 074,7,False,True,0,2025-02
P000280,2025-02-14,Cliente 095,3,False,True,0,2025-02
P000281,2025-02-07,Cliente 150,3,False,True,0,2025-02
P000282,2025-02-07,Cliente 260,2,False,True,0,2025-02
P000283,2025-02-07,Cliente 277,2,False,True,0,2025-02
P000284,2025-02-03,Cliente 117,2,False,True,0,2025-02
P000285,2025-02-01,Cliente 302,3,False,True,0,2025-02
P000286,2025-02-01,Cliente 301,3,False,True,0,2025-02
P000287,2025-02-05,Cliente 024,4,False,True,0,2025-02
P000288,2025-02-04,Cliente 172,1,False,True,0,2025-02
P000289,2025-02-05,Cliente 024,1,False,True,0,2025-02
P000290,2025-02-04,Cliente 185,1,False,True,0,2025-02
P000291,2025-02-06,Cliente 175,1,False,True,0,2025-02
P000292,2025-02-07,Cliente 318,2,False,True,0,2025-02
P000293,2025-02-03,Cliente 065,1,False,True,0,2025-02
P000294,2025-02-07,Cliente 078,5,False,True,0,2025-02
P000295,2025-02-07,Cliente 254,1,False,True,0,2025-02
P000296,2025-02-07,Cliente 254,3,False,True,0,2025-02
P000297,2025-01-30,Cliente 107,1,False,True,0,2025-01
P000298,2025-02-03,Cliente 068,1,False,True,0,2025-02
P000299,2025-02-05,Cliente 310,1,False,True,0,2025-02
P000300,2025-02-03,Cliente 166,1,False,True,0,2025-02
P000301,2025-02-21,Cliente 293,4,False,True,0,2025-02
P000302,2025-02-21,Cliente 293,4,False,True,0,2025-02
P000303,2025-02-04,Cliente 201,5,False,True,0,2025-02
P000304,2025-02-12,Cliente 115,6,False,True,0,2025-02
P000305,2025-02-12,Cliente 148,11,False,True,0,2025-02
P000306,2025-02-03,Cliente 176,1,False,True,0,2025-02
P000307,2025-02-03,Cliente 145,3,False,True,0,2025-02
P000308,2025-02-18,Cliente 091,1,False,True,0,2025-02
P000309,2025-02-17,Cliente 256,1,False,True,0,2025-02
P000310,2025-02-17,Cliente 256,1,False,True,0,2025-02
P000311,2025-02-08,Cliente 101,2,False,True,0,2025-02
P000312,2025-02-07,Cliente 326,7,False,True,0,2025-02
P000313,2025-02-06,Cliente 156,1,False,True,0,2025-02
P000314,2025-02-07,Cliente 274,3,False,True,0,2025-02
P000315,2025-02-13,Cliente 024,1,True,True,0,2025-02
P000316,2025-02-13,Cliente 024,1,True,True,0,2025-02
P000317,2025-02-04,Cliente 117,2,False,True,0,2025-02
P000318,2025-02-07,Cliente 215,4,False,True,0,2025-02
P000319,2025-02-07,Cliente 304,2,False,True,0,2025-02
P000320,2025-02-06,Cliente 107,2,False,True,0,2025-02
P000321,2025-02-06,Cliente 107,2,False,True,0,2025-02
P000322,2025-02-05,Cliente 086,1,False,True,0,2025-02
P000323,2025-03-03,Cliente 175,10,False,True,0,2025-03
P000324,2025-02-07,Cliente 236,1,False,True,0,2025-02
P000325,2025-02-21,Cliente 236,1,False,True,0,2025-02
P000326,2025-02-06,Cliente 062,3,False,True,0,2025-02
P000327,2025-02-11,Cliente 300,5,False,True,0,2025-02
P000328,2025-02-11,Cliente 123,1,False,True,0,2025-02
P000329,2025-02-10,Cliente 223,3,False,True,0,2025-02
P000330,2025-02-13,Cliente 096,3,False,True,0,2025-02
P000331,2025-02-13,Cliente 109,8,False,True,0,2025-02
P000332,2025-02-07,Cliente 073,2,False,True,0,2025-02
P000333,2025-02-10,Cliente 279,1,False,True,0,2025-02
P000334,2025-02-10,Cliente 279,1,False,True,0,2025-02
P000335,2025-02-07,Cliente 210,2,False,True,0,2025-02
P000336,2025-02-10,Cliente 066,1,False,True,0,2025-02
P000337,2025-02-07,Cliente 133,1,False,True,0,2025-02
P000338,2025-02-11,Cliente 151,1,False,True,0,2025-02
P000339,2025-02-11,Cliente 163,1,False,True,0,2025-02
P000340,2025-02-13,Cliente 152,1,False,True,0,2025-02
P000341,2025-02-11,Cliente 112,1,False,True,0,2025-02
P000342,2025-02-07,Cliente 288,2,False,True,0,2025-02
P000343,2025-02-07,Cliente 213,3,False,True,0,2025-02
P000344,2025-02-07,Cliente 278,2,False,True,0,2025-02
P000345,2025-02-07,Cliente 072,2,False,True,0,2025-02
P000346,2025-02-11,Cliente 106,2,False,True,0,2025-02
P000347,2025-02-06,Cliente 245,7,False,True,0,2025-02
P000348,2025-02-06,Cliente 062,1,False,True,0,2025-02
P000349,2025-02-14,Cliente 071,1,False,True,0,2025-02
P000350,2025-02-15,Cliente 320,1,False,True,0,2025-02
P000351,2025-02-15,Cliente 324,10,False,True,0,2025-02
P000352,2025-02-07,Cliente 240,4,False,True,0,2025-02
P000353,2025-02-14,Cliente 220,3,False,True,0,2025-02
P000354,2025-02-13,Cliente 024,8,False,True,0,2025-02
P000355,2025-02-14,Cliente 219,2,False,True,0,2025-02
P000356,2025-02-15,Cliente 237,5,False,True,0,2025-02
P000357,2025-02-14,Cliente 231,1,False,True,0,2025-02
P000358,2025-02-18,Cliente 091,1,False,True,0,2025-02
P000359,2025-02-10,Cliente 327,2,False,True,0,2025-02
P000360,2025-02-11,Cliente 061,1,False,True,0,2025-02
P000361,2025-02-14,Cliente 061,1,False,True,0,2025-02
P000362,2025-02-15,Cliente 080,4,False,True,0,2025-02
P000363,2025-02-15,Cliente 082,4,False,True,0,2025-02
P000364,2025-02-15,Cliente 078,8,False,True,0,2025-02
P000365,2025-02-15,Cliente 271,2,False,True,0,2025-02
P000366,2025-02-15,Cliente 316,1,False,True,0,2025-02
P000367,2025-02-14,Cliente 098,1,False,True,0,2025-02
P000368,2025-02-14,Cliente 098,1,False,True,0,2025-02
P000369,2025-02-15,Cliente 111,6,False,True,0,2025-02
P000370,2025-02-14,Cliente 147,4,False,True,0,2025-02
P000371,2025-02-14,Cliente 084,1,False,True,0,2025-02
P000372,2025-02-14,Cliente 065,3,False,True,0,2025-02
P000373,2025-02-14,Cliente 060,3,False,True,0,2025-02
P000374,2025-02-19,Cliente 174,10,False,True,0,2025-02
P000375,2025-02-14,Cliente 153,1,False,True,0,2025-02
P000376,2025-02-20,Cliente 134,1,False,True,0,2025-02
P000377,2025-02-14,Cliente 110,2,False,True,0,2025-02
P000378,2025-02-13,Cliente 103,2,False,True,0,2025-02
P000379,2025-02-15,Cliente 250,2,False,True,0,2025-02
P000380,2025-02-15,Cliente 212,3,False,True,0,2025-02
P000381,2025-02-14,Cliente 100,6,False,True,0,2025-02
P000382,2025-02-15,Cliente 248,7,False,True,0,2025-02
P000384,2025-02-14,Cliente 146,5,False,True,0,2025-02
P000385,2025-02-15,Cliente 177,1,False,True,0,2025-02
P000386,2025-02-21,Cliente 239,2,False,True,0,2025-02
P000387,2025-02-21,Cliente 294,2,False,True,0,2025-02
P000388,2025-02-21,Cliente 197,3,False,True,0,2025-02
P000389,2025-02-13,Cliente 222,7,False,True,0,2025-02
P000390,2025-02-13,Cliente 222,8,False,True,0,2025-02
P000391,2025-02-14,Cliente 224,1,False,True,0,2025-02
P000392,2025-02-26,Cliente 122,4,False,True,0,2025-02
P000393,2025-02-26,Cliente 122,1,False,True,0,2025-02
P000394,2025-02-15,Cliente 058,8,False,True,0,2025-02
P000395,2025-02-15,Cliente 058,1,False,True,0,2025-02
P000396,2025-02-15,Cliente 073,4,False,True,0,2025-02
P000397,2025-02-19,Cliente 328,1,False,True,0,2025-02
P000398,2025-02-21,Cliente 213,4,False,True,0,2025-02
P000399,2025-02-19,Cliente 238,7,False,True,0,2025-02
P000400,2025-02-26,Cliente 315,3,False,True,0,2025-02
P000401,2025-02-19,Cliente 067,20,False,True,1,2025-02
P000402,2025-02-21,Cliente 255,2,False,True,0,2025-02
P000403,2025-02-18,Cliente 117,4,False,True,0,2025-02
P000404,2025-02-18,Cliente 117,5,False,True,0,2025-02
P000405,2025-04-12,Cliente 295,1,False,True,0,2025-04
P000406,2025-02-21,Cliente 061,1,False,True,0,2025-02
P000407,2025-03-05,Cliente 061,1,False,True,0,2025-03
P000408,2025-02-21,Cliente 156,1,False,True,0,2025-02
P000409,2025-02-28,Cliente 148,13,False,True,0,2025-02
P000410,2025-02-21,Cliente 105,5,False,True,0,2025-02
P000411,2025-02-21,Cliente 105,1,False,True,0,2025-02
P000412,2025-02-21,Cliente 105,1,False,True,0,2025-02
P000413,2025-02-24,Cliente 276,1,False,True,0,2025-02
P000414,2025-02-28,Cliente 257,1,False,True,0,2025-02
P000415,2025-02-24,Cliente 284,5,False,True,0,2025-02
P000416,2025-02-24,Cliente 284,4,False,True,0,2025-02
P000417,2025-02-24,Cliente 284,3,False,True,0,2025-02
P000418,2025-02-19,Cliente 114,1,False,True,0,2025-02
P000419,2025-02-21,Cliente 127,3,False,True,0,2025-02
P000420,2025-02-21,Cliente 124,1,False,True,0,2025-02
P000421,2025-02-21,Cliente 124,3,False,True,0,2025-02
P000422,2025-02-20,Cliente 169,1,False,True,0,2025-02
P000423,2025-02-21,Cliente 201,4,False,True,0,2025-02
P000424,2025-03-24,Cliente 329,1,False,True,0,2025-03
P000425,2025-02-24,Cliente 143,2,False,True,0,2025-02
P000426,2025-02-26,Cliente 094,3,False,True,0,2025-02
P000427,2025-02-20,Cliente 024,9,False,True,0,2025-02
P000428,2025-02-21,Cliente 203,2,False,True,0,2025-02
P000429,2025-02-20,Cliente 024,1,False,True,0,2025-02
P000430,2025-02-21,Cliente 274,2,False,True,0,2025-02
P000431,2025-02-21,Cliente 235,13,False,True,0,2025-02
P000432,2025-02-21,Cliente 059,8,False,True,0,2025-02
P000433,2025-03-15,Cliente 257,1,False,True,0,2025-03
P000434,2025-02-21,Cliente 078,12,False,True,0,2025-02
P000435,2025-02-21,Cliente 167,7,False,True,0,2025-02
P000436,2025-02-21,Cliente 260,3,False,True,0,2025-02
P000437,2025-02-21,Cliente 260,1,False,True,0,2025-02
P000438,2025-02-21,Cliente 072,6,False,True,0,2025-02
P000439,2025-02-26,Cliente 103,2,False,True,0,2025-02
P000440,2025-02-21,Cliente 330,2,False,True,0,2025-02
P000441,2025-03-04,Cliente 331,6,False,True,0,2025-03
P000442,2025-02-21,Cliente 072,1,False,True,0,2025-02
P000443,2025-03-06,Cliente 286,1,False,True,0,2025-03
P000444,2025-03-02,Cliente 230,1,False,True,0,2025-03
P000445,2025-04-30,Cliente 230,1,False,True,0,2025-04
P000446,2025-02-21,Cliente 222,3,False,True,0,2025-02
P000447,2025-02-21,Cliente 222,2,False,True,0,2025-02
P000448,2025-03-16,Cliente 262,6,False,True,0,2025-03
P000449,2025-03-02,Cliente 181,4,False,True,0,2025-03
P000450,2025-03-14,Cliente 274,2,False,True,0,2025-03
P000451,2025-02-24,Cliente 332,4,False,True,0,2025-02
P000452,2025-02-24,Cliente 057,2,False,True,0,2025-02
P000453,2025-03-06,Cliente 173,2,False,True,0,2025-03
P000454,2025-02-24,Cliente 222,1,False,True,0,2025-02
P000455,2025-02-24,Cliente 222,2,False,True,0,2025-02
P000456,2025-02-24,Cliente 267,1,False,True,0,2025-02
P000457,2025-03-04,Cliente 053,2,False,True,0,2025-03
P000458,2025-03-06,Cliente 024,9,False,True,0,2025-03
P000459,2025-03-07,Cliente 125,3,False,True,0,2025-03
P000460,2025-03-05,Cliente 224,1,False,True,0,2025-03
P000461,2025-03-11,Cliente 258,1,False,True,0,2025-03
P000462,2025-03-08,Cliente 092,1,False,True,0,2025-03
P000463,2025-03-08,Cliente 092,1,False,True,0,2025-03
P000464,2025-03-08,Cliente 092,1,False,True,0,2025-03
P000465,2025-03-03,Cliente 076,4,False,True,0,2025-03
P000466,2025-03-07,Cliente 245,7,False,True,0,2025-03
P000467,2025-03-14,Cliente 079,3,False,True,0,2025-03
P000468,2025-03-04,Cliente 176,1,False,True,0,2025-03
P000469,2025-02-27,Cliente 151,1,False,True,0,2025-02
P000470,2025-03-04,Cliente 065,1,False,True,0,2025-03
P000471,2025-03-06,Cliente 024,1,False,True,0,2025-03
P000472,2025-03-06,Cliente 024,1,False,True,0,2025-03
P000473,2025-03-06,Cliente 024,1,False,True,0,2025-03
P000474,2025-03-06,Cliente 024,1,False,True,0,2025-03
P000475,2025-03-06,Cliente 024,1,False,True,0,2025-03
P000476,2025-03-06,Cliente 024,1,False,True,0,2025-03
P000477,2025-03-06,Cliente 024,1,False,True,0,2025-03
P000478,2025-03-04,Cliente 332,4,False,True,0,2025-03
P000479,2025-03-07,Cliente 119,3,False,True,0,2025-03
P000480,2025-03-06,Cliente 024,1,False,True,0,2025-03
P000481,2025-03-06,Cliente 024,1,False,True,0,2025-03
P000482,2025-03-06,Cliente 024,1,False,True,0,2025-03
P000483,2025-03-06,Cliente 024,1,False,True,0,2025-03
P000484,2025-03-06,Cliente 024,1,False,True,0,2025-03
P000485,2025-04-12,Cliente 295,1,False,True,0,2025-04
P000486,2025-03-06,Cliente 202,3,False,True,0,2025-03
P000487,2025-02-28,Cliente 117,5,False,True,0,2025-02
P000488,2025-03-12,Cliente 121,1,False,True,0,2025-03
P000489,2025-03-01,Cliente 273,9,False,True,0,2025-03
P000490,2025-03-05,Cliente 093,2,False,True,0,2025-03
P000491,2025-02-27,Cliente 143,1,False,True,0,2025-02
P000492,2025-03-14,Cliente 102,1,False,True,0,2025-03
P000493,2025-03-14,Cliente 150,6,False,True,0,2025-03
P000494,2025-03-10,Cliente 095,3,False,True,0,2025-03
P000495,2025-03-17,Cliente 095,3,False,True,0,2025-03
P000496,2025-03-26,Cliente 095,3,False,True,0,2025-03
P000497,2025-04-03,Cliente 095,3,False,True,0,2025-04
P000498,2025-04-23,Cliente 095,3,False,True,0,2025-04
P000499,2025-04-29,Cliente 095,3,False,True,0,2025-04
P000500,2025-05-07,Cliente 095,3,False,True,0,2025-05
P000501,2025-05-14,Cliente 095,3,False,True,0,2025-05
P000502,2025-06-25,Cliente 095,3,False,True,0,2025-06
P000503,2025-05-19,Cliente 095,3,False,True,0,2025-05
P000504,2025-05-28,Cliente 095,3,False,True,0,2025-05
P000505,2025-06-17,Cliente 095,3,False,True,0,2025-06
P000506,2025-06-12,Cliente 095,3,False,True,0,2025-06
P000507,2025-06-20,Cliente 095,3,False,True,0,2025-06
P000508,2025-04-16,Cliente 095,3,False,True,0,2025-04
P000509,2025-03-14,Cliente 210,2,False,True,0,2025-03
P000510,2025-03-10,Cliente 101,3,False,True,0,2025-03
P000511,2025-03-05,Cliente 166,1,False,True,0,2025-03
P000512,2025-03-03,Cliente 142,1,False,True,0,2025-03
P000513,2025-03-14,Cliente 248,7,False,True,0,2025-03
P000514,2025-03-14,Cliente 080,3,False,True,0,2025-03
P000515,2025-03-03,Cliente 222,2,False,True,0,2025-03
P000516,2025-03-03,Cliente 222,5,False,True,0,2025-03
P000517,2025-03-10,Cliente 061,1,False,True,0,2025-03
P000518,2025-03-20,Cliente 061,1,False,True,0,2025-03
P000519,2025-03-24,Cliente 061,1,False,True,0,2025-03
P000520,2025-04-02,Cliente 061,1,False,True,0,2025-04
P000521,2025-04-26,Cliente 128,1,False,True,0,2025-04
P000522,2025-03-25,Cliente 334,2,False,True,0,2025-03
P000523,2025-03-11,Cliente 294,2,False,True,0,2025-03
P000524,2025-03-11,Cliente 294,1,False,True,0,2025-03
P000525,2025-03-11,Cliente 239,2,False,True,0,2025-03
P000526,2025-03-13,Cliente 156,1,False,True,0,2025-03
P000527,2025-03-19,Cliente 238,7,False,True,0,2025-03
P000528,2025-03-05,Cliente 222,5,False,True,0,2025-03
P000529,2025-03-05,Cliente 222,1,False,True,0,2025-03
P000530,2025-03-13,Cliente 123,1,False,True,0,2025-03
P000531,2025-03-05,Cliente 244,1,False,True,0,2025-03
P000532,2025-03-21,Cliente 093,2,False,True,0,2025-03
P000533,2025-03-18,Cliente 093,1,False,True,0,2025-03
P000534,2025-03-13,Cliente 093,2,False,True,0,2025-03
P000535,2025-03-14,Cliente 120,3,False,True,0,2025-03
P000536,2025-03-19,Cliente 303,2,False,True,0,2025-03
P000537,2025-03-06,Cliente 107,1,False,True,0,2025-03
P000538,2025-03-06,Cliente 107,2,False,True,0,2025-03
P000539,2025-03-19,Cliente 137,2,False,True,0,2025-03
P000540,2025-03-25,Cliente 315,2,False,True,0,2025-03
P000541,2025-03-14,Cliente 278,7,False,True,0,2025-03
P000542,2025-03-14,Cliente 333,2,False,True,0,2025-03
P000543,2025-03-10,Cliente 062,4,False,True,0,2025-03
P000544,2025-03-10,Cliente 062,2,False,True,0,2025-03
P000545,2025-03-14,Cliente 251,1,False,True,0,2025-03
P000546,2025-03-12,Cliente 091,1,False,True,0,2025-03
P000547,2025-03-07,Cliente 222,4,False,True,0,2025-03
P000548,2025-03-07,Cliente 222,5,False,True,1,2025-03
P000549,2025-03-14,Cliente 212,4,False,True,0,2025-03
P000550,2025-03-11,Cliente 319,3,False,True,0,2025-03
P000551,2025-03-11,Cliente 215,4,False,True,0,2025-03
P000552,2025-03-11,Cliente 296,9,False,True,0,2025-03
P000553,2025-03-11,Cliente 200,2,False,True,0,2025-03
P000554,2025-03-11,Cliente 200,3,False,True,0,2025-03
P000555,2025-03-11,Cliente 199,3,False,True,0,2025-03
P000556,2025-03-11,Cliente 199,1,False,True,0,2025-03
P000557,2025-03-12,Cliente 276,1,False,True,0,2025-03
P000558,2025-03-12,Cliente 160,3,False,True,0,2025-03
P000559,2025-03-26,Cliente 160,3,False,True,0,2025-03
P000560,2025-03-22,Cliente 232,1,False,True,0,2025-03
P000561,2025-03-14,Cliente 186,1,False,True,0,2025-03
P000562,2025-03-20,Cliente 092,2,False,True,0,2025-03
P000563,2025-03-11,Cliente 203,1,False,True,0,2025-03
P000564,2025-03-22,Cliente 073,6,False,True,0,2025-03
P000565,2025-03-22,Cliente 072,2,False,True,0,2025-03
P000566,2025-03-22,Cliente 135,5,False,True,0,2025-03
P000568,2025-03-22,Cliente 289,3,False,True,0,2025-03
P000569,2025-03-28,Cliente 289,3,False,True,0,2025-03
P000570,2025-03-21,Cliente 250,9,False,True,0,2025-03
P000572,2025-03-31,Cliente 094,4,False,True,0,2025-03
P000573,2025-03-13,Cliente 060,3,False,True,0,2025-03
P000574,2025-03-22,Cliente 108,2,False,True,0,2025-03
P000575,2025-03-19,Cliente 066,1,False,True,0,2025-03
P000576,2025-04-02,Cliente 197,2,False,True,0,2025-04
P000577,2025-03-15,Cliente 270,6,False,True,0,2025-03
P000578,2025-03-19,Cliente 300,5,False,True,0,2025-03
P000579,2025-03-16,Cliente 335,5,False,True,0,2025-03
P000580,2025-03-24,Cliente 321,1,False,True,0,2025-03
P000581,2025-03-19,Cliente 161,2,False,True,0,2025-03
P000582,2025-03-19,Cliente 279,1,False,True,0,2025-03
P000583,2025-03-18,Cliente 024,8,False,True,0,2025-03
P000584,2025-03-19,Cliente 087,1,False,True,0,2025-03
P000586,2025-03-19,Cliente 151,1,False,True,0,2025-03
P000587,2025-03-19,Cliente 117,3,False,True,0,2025-03
P000588,2025-03-22,Cliente 146,6,False,True,0,2025-03
P000589,2025-03-14,Cliente 336,5,False,True,0,2025-03
P000590,2025-03-14,Cliente 336,1,False,True,0,2025-03
P000591,2025-03-14,Cliente 336,3,False,True,0,2025-03
P000592,2025-03-22,Cliente 111,3,False,True,0,2025-03
P000593,2025-03-14,Cliente 274,3,False,True,0,2025-03
P000594,2025-03-19,Cliente 182,1,False,True,0,2025-03
P000595,2025-03-19,Cliente 172,2,False,True,0,2025-03
P000596,2025-03-19,Cliente 337,2,False,True,0,2025-03
P000597,2025-03-22,Cliente 100,6,False,True,0,2025-03
P000598,2025-03-18,Cliente 024,1,False,True,0,2025-03
P000599,2025-03-19,Cliente 114,1,False,True,0,2025-03
P000600,2025-03-25,Cliente 148,4,False,True,0,2025-03
P000601,2025-03-24,Cliente 290,1,False,True,0,2025-03
P000602,2025-03-17,Cliente 103,2,False,True,0,2025-03
P000603,2025-03-19,Cliente 117,3,False,True,0,2025-03
P000604,2025-03-22,Cliente 324,10,False,True,0,2025-03
P000605,2025-03-22,Cliente 260,3,False,True,0,2025-03
P000606,2025-03-22,Cliente 074,8,False,True,0,2025-03
P000607,2025-03-22,Cliente 074,1,False,True,0,2025-03
P000608,2025-03-22,Cliente 242,5,False,True,0,2025-03
P000609,2025-03-20,Cliente 220,3,False,True,0,2025-03
P000610,2025-03-24,Cliente 338,1,False,True,0,2025-03
P000611,2025-03-19,Cliente 161,3,False,True,0,2025-03
P000612,2025-03-20,Cliente 110,2,False,True,0,2025-03
P000613,2025-03-27,Cliente 171,1,False,True,0,2025-03
P000614,2025-03-27,Cliente 143,1,False,True,0,2025-03
P000615,2025-05-08,Cliente 091,1,False,True,0,2025-05
P000616,2025-04-04,Cliente 101,3,False,True,0,2025-04
P000617,2025-05-21,Cliente 091,1,False,True,0,2025-05
P000618,2025-03-22,Cliente 254,1,False,True,0,2025-03
P000619,2025-03-22,Cliente 254,3,False,True,0,2025-03
P000620,2025-03-24,Cliente 332,4,False,True,0,2025-03
P000621,2025-04-03,Cliente 175,7,True,True,0,2025-04
P000622,2025-03-24,Cliente 069,16,False,True,0,2025-03
P000623,2025-03-28,Cliente 072,2,False,True,0,2025-03
P000624,2025-04-07,Cliente 302,27,False,True,0,2025-04
P000625,2025-04-07,Cliente 301,3,False,True,0,2025-04
P000626,2025-03-15,Cliente 268,4,False,True,0,2025-03
P000627,2025-03-23,Cliente 169,1,False,True,0,2025-03
P000628,2025-03-18,Cliente 222,5,False,True,0,2025-03
P000629,2025-03-18,Cliente 222,6,False,True,0,2025-03
P000630,2025-04-02,Cliente 228,1,False,True,0,2025-04
P000631,2025-03-27,Cliente 106,2,False,True,0,2025-03
P000632,2025-03-18,Cliente 090,1,False,True,0,2025-03
P000633,2025-03-24,Cliente 085,7,False,True,0,2025-03
P000634,2025-03-24,Cliente 064,7,False,True,0,2025-03
P000635,2025-03-23,Cliente 076,1,False,True,0,2025-03
P000636,2025-03-27,Cliente 024,6,False,True,0,2025-03
P000637,2025-03-27,Cliente 024,1,False,True,0,2025-03
P000638,2025-03-27,Cliente 024,1,False,True,0,2025-03
P000639,2025-03-27,Cliente 024,1,False,True,0,2025-03
P000640,2025-03-27,Cliente 024,1,False,True,0,2025-03
P000641,2025-03-27,Cliente 024,1,False,True,0,2025-03
P000642,2025-03-27,Cliente 024,1,False,True,0,2025-03
P000643,2025-03-27,Cliente 024,1,False,True,0,2025-03
P000644,2025-03-27,Cliente 024,1,False,True,0,2025-03
P000645,2025-03-27,Cliente 024,1,False,True,0,2025-03
P000646,2025-03-27,Cliente 024,1,False,True,0,2025-03
P000647,2025-03-27,Cliente 024,1,False,True,0,2025-03
P000648,2025-03-27,Cliente 024,1,False,True,0,2025-03
P000649,2025-03-27,Cliente 024,1,False,True,0,2025-03
P000650,2025-03-27,Cliente 024,1,False,True,0,2025-03
P000651,2025-03-27,Cliente 024,1,False,True,0,2025-03
P000652,2025-03-27,Cliente 024,1,False,True,0,2025-03
P000653,2025-03-27,Cliente 024,1,False,True,0,2025-03
P000654,2025-03-27,Cliente 024,1,False,True,0,2025-03
P000655,2025-03-27,Cliente 024,1,False,True,0,2025-03
P000656,2025-03-27,Cliente 024,1,False,True,0,2025-03
P000657,2025-03-23,Cliente 201,1,False,True,0,2025-03
P000658,2025-03-27,Cliente 024,1,False,True,0,2025-03
P000659,2025-03-26,Cliente 062,3,False,True,0,2025-03
P000660,2025-03-21,Cliente 250,1,False,True,0,2025-03
P000661,2025-03-20,Cliente 219,3,False,True,0,2025-03
P000662,2025-03-28,Cliente 072,7,False,True,0,2025-03
P000663,2025-04-02,Cliente 227,2,False,True,0,2025-04
P000664,2025-04-02,Cliente 309,1,False,True,0,2025-04
P000665,2025-04-02,Cliente 209,4,False,True,0,2025-04
P000666,2025-03-28,Cliente 223,4,False,True,0,2025-03
P000667,2025-03-28,Cliente 080,1,False,True,0,2025-03
P000668,2025-05-12,Cliente 151,1,False,True,0,2025-05
P000669,2025-03-28,Cliente 185,1,False,True,0,2025-03
P000670,2025-04-03,Cliente 076,2,False,True,0,2025-04
P000671,2025-03-31,Cliente 076,2,False,True,0,2025-03
P000672,2025-03-28,Cliente 185,7,False,True,0,2025-03
P000673,2025-03-26,Cliente 062,2,False,True,0,2025-03
P000674,2025-04-15,Cliente 076,4,False,True,0,2025-04
P000675,2025-03-28,Cliente 213,4,False,True,0,2025-03
P000676,2025-03-28,Cliente 279,1,False,True,0,2025-03
P000677,2025-03-28,Cliente 113,5,False,True,0,2025-03
P000678,2025-03-27,Cliente 083,1,False,True,0,2025-03
P000679,2025-03-11,Cliente 218,2,False,True,0,2025-03
P000680,2025-03-24,Cliente 054,1,False,True,0,2025-03
P000681,2025-03-24,Cliente 054,1,False,True,0,2025-03
P000682,2025-03-28,Cliente 167,2,False,True,0,2025-03
P000683,2025-03-28,Cliente 251,1,False,True,0,2025-03
P000684,2025-03-28,Cliente 272,1,False,True,0,2025-03
P000685,2025-03-28,Cliente 108,1,False,True,0,2025-03
P000686,2025-03-28,Cliente 071,1,False,True,0,2025-03
P000687,2025-03-28,Cliente 316,1,False,True,0,2025-03
P000688,2025-04-02,Cliente 195,3,False,True,0,2025-04
P000689,2025-04-02,Cliente 192,3,False,True,0,2025-04
P000690,2025-04-02,Cliente 196,3,False,True,0,2025-04
P000691,2025-04-02,Cliente 193,3,False,True,0,2025-04
P000692,2025-03-14,Cliente 162,2,False,True,0,2025-03
P000693,2025-04-02,Cliente 191,3,False,True,0,2025-04
P000694,2025-03-28,Cliente 274,2,False,True,0,2025-03
P000695,2025-04-03,Cliente 276,1,False,True,0,2025-04
P000696,2025-03-31,Cliente 119,4,False,True,0,2025-03
P000697,2025-03-27,Cliente 156,1,False,True,0,2025-03
P000698,2025-04-24,Cliente 185,6,True,True,0,2025-04
P000699,2025-06-23,Cliente 185,5,True,True,0,2025-06
P000700,2025-04-22,Cliente 169,1,False,True,0,2025-04
P000701,2025-05-09,Cliente 169,1,False,True,0,2025-05
P000702,2025-04-28,Cliente 219,2,False,True,0,2025-04
P000703,2025-04-04,Cliente 024,3,False,True,0,2025-04
P000704,2025-04-04,Cliente 024,1,False,True,0,2025-04
P000705,2025-04-04,Cliente 268,2,False,True,0,2025-04
P000706,2025-04-04,Cliente 340,7,False,True,0,2025-04
P000707,2025-04-08,Cliente 185,1,False,True,0,2025-04
P000708,2025-04-08,Cliente 257,1,False,True,0,2025-04
P000709,2025-04-08,Cliente 210,3,False,True,0,2025-04
P000710,2025-04-08,Cliente 077,6,False,True,0,2025-04
P000711,2025-04-08,Cliente 260,4,False,True,0,2025-04
P000712,2025-04-03,Cliente 134,1,False,True,0,2025-04
P000713,2025-04-08,Cliente 235,14,False,True,0,2025-04
P000714,2025-04-04,Cliente 341,1,False,True,0,2025-04
P000715,2025-04-02,Cliente 123,1,False,True,0,2025-04
P000716,2025-07-17,Cliente 091,1,False,True,0,2025-07
P000717,2025-08-29,Cliente 091,1,False,True,0,2025-08
P000718,2025-10-09,Cliente 091,1,False,True,0,2025-10
P000719,2025-04-12,Cliente 243,5,False,True,0,2025-04
P000720,2025-04-10,Cliente 343,5,False,True,0,2025-04
P000721,2025-04-03,Cliente 103,1,False,False,0,2025-04
P000722,2025-04-03,Cliente 103,1,False,True,0,2025-04
P000723,2025-04-03,Cliente 103,2,False,True,0,2025-04
P000724,2025-04-08,Cliente 345,1,False,True,0,2025-04
P000725,2025-04-04,Cliente 143,2,False,True,0,2025-04
P000726,2025-04-08,Cliente 206,1,False,True,0,2025-04
P000727,2025-04-08,Cliente 336,18,False,True,0,2025-04
P000728,2025-04-04,Cliente 248,7,False,True,0,2025-04
P000729,2025-04-04,Cliente 250,3,False,True,0,2025-04
P000730,2025-04-04,Cliente 056,1,False,True,0,2025-04
P000731,2025-04-08,Cliente 052,3,False,True,0,2025-04
P000732,2025-04-04,Cliente 153,1,False,True,0,2025-04
P000733,2025-04-30,Cliente 061,1,False,True,0,2025-04
P000734,2025-05-05,Cliente 061,1,False,True,0,2025-05
P000735,2025-05-07,Cliente 061,1,False,True,0,2025-05
P000736,2025-05-19,Cliente 061,1,False,True,0,2025-05
P000737,2025-05-28,Cliente 061,1,False,True,0,2025-05
P000738,2025-04-24,Cliente 061,1,False,True,0,2025-04
P000739,2025-04-15,Cliente 061,1,False,True,0,2025-04
P000740,2025-04-02,Cliente 283,5,False,True,0,2025-04
P000741,2025-04-02,Cliente 284,5,False,True,0,2025-04
P000742,2025-04-02,Cliente 282,5,False,True,0,2025-04
P000743,2025-04-02,Cliente 285,4,False,True,0,2025-04
P000744,2025-04-02,Cliente 281,1,False,True,0,2025-04
P000745,2025-04-11,Cliente 224,1,False,True,0,2025-04
P000746,2025-03-31,Cliente 222,4,False,True,0,2025-03
P000747,2025-04-09,Cliente 161,3,False,True,0,2025-04
P000748,2025-04-09,Cliente 202,1,False,True,0,2025-04
P000749,2025-04-11,Cliente 128,1,False,True,0,2025-04
P000750,2025-04-04,Cliente 092,2,False,True,0,2025-04
P000751,2025-04-09,Cliente 092,1,False,True,0,2025-04
P000752,2025-04-09,Cliente 092,1,False,True,0,2025-04
P000753,2025-04-09,Cliente 159,1,False,True,0,2025-04
P000754,2025-04-14,Cliente 346,5,False,True,0,2025-04
P000755,2025-04-14,Cliente 347,5,False,True,0,2025-04
P000756,2025-04-08,Cliente 185,2,False,True,0,2025-04
P000757,2025-04-08,Cliente 185,5,False,True,0,2025-04
P000758,2025-04-08,Cliente 082,1,False,True,0,2025-04
P000759,2025-04-17,Cliente 059,3,False,True,0,2025-04
P000760,2025-04-08,Cliente 108,2,False,True,0,2025-04
P000761,2025-05-20,Cliente 315,3,False,True,0,2025-05
P000762,2025-04-15,Cliente 315,3,False,True,0,2025-04
P000764,2025-04-08,Cliente 274,2,False,True,0,2025-04
P000765,2025-04-10,Cliente 221,11,False,True,0,2025-04
P000766,2025-04-17,Cliente 059,3,False,True,0,2025-04
P000767,2025-04-04,Cliente 332,2,False,True,0,2025-04
P000768,2025-04-04,Cliente 332,2,False,True,0,2025-04
P000769,2025-04-03,Cliente 126,1,False,True,0,2025-04
P000770,2025-04-17,Cliente 099,1,False,True,0,2025-04
P000771,2025-04-08,Cliente 105,1,False,True,0,2025-04
P000772,2025-04-08,Cliente 105,1,False,True,0,2025-04
P000773,2025-04-08,Cliente 270,8,False,True,0,2025-04
P000774,2025-04-12,Cliente 053,5,False,True,0,2025-04
P000775,2025-04-08,Cliente 073,6,False,False,0,2025-04
P000776,2025-04-08,Cliente 348,1,False,True,0,2025-04
P000777,2025-04-08,Cliente 105,5,False,True,0,2025-04
P000778,2025-04-11,Cliente 117,4,False,True,0,2025-04
P000779,2025-04-10,Cliente 024,1,False,True,0,2025-04
P000780,2025-04-22,Cliente 297,2,False,True,0,2025-04
P000781,2025-04-08,Cliente 279,1,False,True,0,2025-04
P000782,2025-04-04,Cliente 222,5,False,True,0,2025-04
P000783,2025-04-04,Cliente 222,2,False,True,0,2025-04
P000784,2025-04-17,Cliente 212,5,False,True,0,2025-04
P000785,2025-04-22,Cliente 091,2,False,True,0,2025-04
P000786,2025-04-12,Cliente 174,10,False,True,0,2025-04
P000787,2025-04-12,Cliente 114,1,False,True,0,2025-04
P000788,2025-04-15,Cliente 166,1,False,True,0,2025-04
P000789,2025-04-05,Cliente 329,1,False,True,0,2025-04
P000790,2025-04-08,Cliente 290,1,False,True,0,2025-04
P000791,2025-04-17,Cliente 146,5,False,True,0,2025-04
P000792,2025-04-10,Cliente 176,1,False,True,0,2025-04
P000793,2025-04-10,Cliente 024,6,False,True,0,2025-04
P000794,2025-04-12,Cliente 300,5,False,True,0,2025-04
P000795,2025-04-17,Cliente 150,3,False,True,0,2025-04
P000796,2025-04-09,Cliente 092,1,False,True,0,2025-04
P000797,2025-04-28,Cliente 092,1,False,True,0,2025-04
P000798,2025-04-09,Cliente 092,1,False,True,0,2025-04
P000799,2025-04-12,Cliente 065,1,False,True,0,2025-04
P000800,2025-04-14,Cliente 066,1,False,True,0,2025-04
P000801,2025-04-14,Cliente 349,1,False,True,0,2025-04
P000802,2025-04-15,Cliente 093,2,True,True,0,2025-04
P000803,2025-04-21,Cliente 270,9,False,True,0,2025-04
P000804,2025-05-02,Cliente 208,2,False,True,0,2025-05
P000805,2025-05-02,Cliente 288,4,False,True,0,2025-05
P000806,2025-04-22,Cliente 121,1,False,True,0,2025-04
P000807,2025-04-15,Cliente 156,1,False,True,0,2025-04
P000808,2025-04-12,Cliente 350,1,False,True,0,2025-04
P000809,2025-04-16,Cliente 183,1,False,True,0,2025-04
P000810,2025-04-11,Cliente 062,5,False,True,0,2025-04
P000811,2025-04-12,Cliente 332,1,False,True,0,2025-04
P000812,2025-04-12,Cliente 351,1,False,True,0,2025-04
P000813,2025-04-17,Cliente 079,7,False,True,0,2025-04
P000814,2025-04-17,Cliente 079,1,False,True,0,2025-04
P000815,2025-04-15,Cliente 334,2,False,True,0,2025-04
P000816,2025-04-14,Cliente 223,3,False,True,0,2025-04
P000817,2025-04-17,Cliente 233,1,False,True,0,2025-04
P000818,2025-04-24,Cliente 181,2,False,True,0,2025-04
P000819,2025-04-25,Cliente 266,1,False,True,0,2025-04
P000820,2025-04-24,Cliente 335,1,False,True,0,2025-04
P000821,2025-04-25,Cliente 307,5,False,True,0,2025-04
P000822,2025-04-25,Cliente 307,1,False,True,0,2025-04
P000823,2025-04-25,Cliente 352,3,False,True,0,2025-04
P000824,2025-04-29,Cliente 328,1,False,True,0,2025-04
P000825,2025-04-12,Cliente 332,2,False,True,0,2025-04
P000826,2025-04-10,Cliente 222,5,False,True,0,2025-04
P000827,2025-04-10,Cliente 222,5,False,True,0,2025-04
P000828,2025-04-17,Cliente 110,3,False,True,0,2025-04
P000829,2025-04-15,Cliente 093,1,False,True,0,2025-04
P000830,2025-04-28,Cliente 093,1,False,True,0,2025-04
P000831,2025-05-09,Cliente 093,1,False,True,0,2025-05
P000832,2025-04-17,Cliente 237,4,False,True,0,2025-04
P000833,2025-04-23,Cliente 226,2,False,True,0,2025-04
P000834,2025-04-14,Cliente 265,1,False,True,0,2025-04
P000835,2025-04-24,Cliente 103,2,False,True,0,2025-04
P000836,2025-05-02,Cliente 151,1,False,True,0,2025-05
P000837,2025-04-17,Cliente 299,6,False,True,0,2025-04
P000838,2025-04-17,Cliente 080,4,False,True,0,2025-04
P000839,2025-04-17,Cliente 254,1,False,True,0,2025-04
P000840,2025-04-17,Cliente 254,3,False,True,0,2025-04
P000841,2025-04-22,Cliente 280,2,False,True,0,2025-04
P000842,2025-04-14,Cliente 222,4,False,True,0,2025-04
P000843,2025-04-14,Cliente 222,1,False,True,0,2025-04
P000844,2025-04-16,Cliente 132,2,False,True,0,2025-04
P000845,2025-04-21,Cliente 092,1,False,True,0,2025-04
P000846,2025-05-02,Cliente 092,1,False,True,0,2025-05
P000847,2025-05-24,Cliente 092,1,False,True,0,2025-05
P000848,2025-04-17,Cliente 184,3,False,True,0,2025-04
P000849,2025-04-25,Cliente 262,1,False,True,0,2025-04
P000850,2025-04-21,Cliente 268,1,False,True,0,2025-04
P000851,2025-04-22,Cliente 024,1,False,True,0,2025-04
P000852,2025-05-01,Cliente 024,1,False,True,0,2025-05
P000853,2025-04-15,Cliente 083,1,False,True,0,2025-04
P000854,2025-04-15,Cliente 106,2,False,True,0,2025-04
P000855,2025-04-24,Cliente 164,2,False,True,0,2025-04
P000856,2025-05-01,Cliente 024,1,False,True,0,2025-05
P000857,2025-05-01,Cliente 024,1,False,True,0,2025-05
P000858,2025-05-01,Cliente 024,1,False,True,0,2025-05
P000859,2025-05-01,Cliente 024,1,False,True,0,2025-05
P000865,2025-05-01,Cliente 024,1,False,True,0,2025-05
P000869,2025-05-01,Cliente 024,1,False,True,0,2025-05
P000870,2025-04-21,Cliente 270,7,False,True,0,2025-04
P000871,2025-04-17,Cliente 232,2,False,True,0,2025-04
P000872,2025-04-17,Cliente 251,1,False,True,0,2025-04
P000873,2025-05-09,Cliente 265,1,False,True,0,2025-05
P000874,2025-04-17,Cliente 286,1,False,True,0,2025-04
P000875,2025-05-12,Cliente 286,1,False,True,0,2025-05
P000876,2025-04-22,Cliente 024,1,False,True,0,2025-04
P000877,2025-04-16,Cliente 222,5,False,True,0,2025-04
P000878,2025-04-16,Cliente 222,4,False,True,0,2025-04
P000879,2025-04-21,Cliente 092,1,False,True,0,2025-04
P000880,2025-04-21,Cliente 092,1,False,True,0,2025-04
P000881,2025-04-28,Cliente 336,8,False,True,0,2025-04
P000882,2025-04-24,Cliente 185,2,False,True,0,2025-04
P000883,2025-04-24,Cliente 185,1,False,True,0,2025-04
P000884,2025-04-24,Cliente 172,1,False,True,0,2025-04
P000885,2025-04-24,Cliente 201,1,False,True,0,2025-04
P000886,2025-04-24,Cliente 060,3,False,True,0,2025-04
P000887,2025-04-28,Cliente 093,1,False,True,0,2025-04
P000888,2025-04-24,Cliente 335,2,False,True,0,2025-04
P000889,2025-05-27,Cliente 185,2,False,True,0,2025-05
P000890,2025-06-23,Cliente 185,2,True,True,0,2025-06
P000891,2025-04-25,Cliente 093,2,False,True,0,2025-04
P000892,2025-05-03,Cliente 093,2,False,True,0,2025-05
P000893,2025-04-28,Cliente 278,2,False,True,0,2025-04
P000894,2025-04-21,Cliente 334,2,False,True,0,2025-04
P000895,2025-05-02,Cliente 258,1,False,True,0,2025-05
P000896,2025-05-02,Cliente 304,2,False,True,0,2025-05
P000897,2025-05-02,Cliente 318,3,False,True,0,2025-05
P000898,2025-05-02,Cliente 322,2,False,True,0,2025-05
P000899,2025-05-02,Cliente 207,3,False,True,0,2025-05
P000900,2025-05-02,Cliente 207,1,False,True,0,2025-05
P000901,2025-05-02,Cliente 326,3,False,True,0,2025-05
P000902,2025-04-24,Cliente 335,1,False,True,0,2025-04
P000903,2025-04-25,Cliente 002,1,False,True,0,2025-04
P000904,2025-04-28,Cliente 167,7,False,True,0,2025-04
P000905,2025-04-25,Cliente 002,2,False,True,0,2025-04
P000906,2025-05-01,Cliente 024,4,False,True,0,2025-05
P000907,2025-05-06,Cliente 175,9,False,True,0,2025-05
P000908,2025-04-28,Cliente 220,2,False,True,0,2025-04
P000910,2025-05-02,Cliente 215,4,False,True,0,2025-05
P000911,2025-05-02,Cliente 294,1,False,True,0,2025-05
P000912,2025-04-28,Cliente 001,2,False,True,0,2025-04
P000913,2025-04-28,Cliente 074,1,False,True,0,2025-04
P000914,2025-04-28,Cliente 074,4,False,True,0,2025-04
P000915,2025-04-28,Cliente 074,1,False,True,0,2025-04
P000916,2025-04-28,Cliente 320,1,False,True,0,2025-04
P000918,2025-05-07,Cliente 177,4,False,True,0,2025-05
P000919,2025-05-04,Cliente 119,4,False,True,0,2025-05
P000920,2025-05-02,Cliente 294,2,False,True,0,2025-05
P000921,2025-07-11,Cliente 104,2,False,True,0,2025-07
P000922,2025-05-12,Cliente 093,2,False,True,0,2025-05
P000923,2025-04-28,Cliente 102,1,False,True,0,2025-04
P000924,2025-04-28,Cliente 231,2,False,True,0,2025-04
P000925,2025-04-28,Cliente 073,6,False,True,0,2025-04
P000926,2025-04-29,Cliente 053,3,False,True,0,2025-04
P000927,2025-05-02,Cliente 065,3,False,True,0,2025-05
P000928,2025-05-02,Cliente 185,1,False,True,0,2025-05
P000929,2025-05-02,Cliente 185,4,False,True,0,2025-05
P000930,2025-04-30,Cliente 116,1,False,True,0,2025-04
P000931,2025-05-02,Cliente 092,1,False,True,0,2025-05
P000932,2025-05-02,Cliente 092,2,False,True,0,2025-05
P000933,2025-04-28,Cliente 251,1,False,True,0,2025-04
P000934,2025-04-28,Cliente 111,5,False,True,0,2025-04
P000935,2025-05-02,Cliente 201,4,False,True,0,2025-05
P000936,2025-05-04,Cliente 339,1,False,True,0,2025-05
P000937,2025-05-02,Cliente 344,1,False,True,0,2025-05
P000938,2025-05-29,Cliente 066,1,False,True,0,2025-05
P000939,2025-05-07,Cliente 072,6,False,True,0,2025-05
P000940,2025-05-07,Cliente 154,3,False,True,0,2025-05
P000941,2025-05-07,Cliente 154,1,False,True,0,2025-05
P000942,2025-05-02,Cliente 215,2,False,True,0,2025-05
P000943,2025-05-09,Cliente 277,2,False,True,0,2025-05
P000944,2025-05-07,Cliente 108,2,False,True,0,2025-05
P000945,2025-05-02,Cliente 199,3,False,True,0,2025-05
P000946,2025-05-02,Cliente 199,1,False,True,0,2025-05
P000947,2025-05-03,Cliente 282,5,False,True,0,2025-05
P000948,2025-05-03,Cliente 281,4,False,True,0,2025-05
P000949,2025-05-03,Cliente 285,5,False,True,0,2025-05
P000950,2025-05-02,Cliente 063,4,False,True,0,2025-05
P000951,2025-05-02,Cliente 063,7,False,True,0,2025-05
P000952,2025-05-03,Cliente 283,5,False,True,0,2025-05
P000953,2025-05-03,Cliente 284,5,False,True,0,2025-05
P000955,2025-05-07,Cliente 274,1,False,True,0,2025-05
P000956,2025-05-10,Cliente 315,3,False,True,0,2025-05
P000957,2025-04-30,Cliente 365,1,False,True,0,2025-04
P000958,2025-05-06,Cliente 024,7,False,True,0,2025-05
P000959,2025-05-07,Cliente 146,1,False,True,0,2025-05
P000960,2025-04-30,Cliente 188,1,False,True,0,2025-04
P000961,2025-05-29,Cliente 265,1,False,True,0,2025-05
P000962,2025-05-02,Cliente 353,1,False,True,0,2025-05
P000963,2025-05-17,Cliente 148,9,False,True,0,2025-05
P000964,2025-05-17,Cliente 115,8,False,True,0,2025-05
P000965,2025-05-02,Cliente 279,1,False,True,0,2025-05
P000966,2025-05-02,Cliente 279,2,False,True,0,2025-05
P000967,2025-05-07,Cliente 110,1,False,True,0,2025-05
P000969,2025-05-01,Cliente 222,6,False,True,0,2025-05
P000970,2025-05-01,Cliente 222,2,False,True,0,2025-05
P000971,2025-05-06,Cliente 062,5,False,True,0,2025-05
P000972,2025-05-07,Cliente 150,5,False,True,0,2025-05
P000973,2025-05-07,Cliente 150,1,False,True,0,2025-05
P000974,2025-05-02,Cliente 185,1,False,True,0,2025-05
P000975,2025-05-09,Cliente 061,1,False,True,0,2025-05
P000976,2025-05-13,Cliente 061,1,False,True,0,2025-05
P000977,2025-05-22,Cliente 061,1,False,True,0,2025-05
P000978,2025-05-29,Cliente 061,1,False,True,0,2025-05
P000979,2025-05-09,Cliente 166,1,False,True,0,2025-05
P000980,2025-05-09,Cliente 156,1,False,True,0,2025-05
P000981,2025-05-08,Cliente 004,3,False,True,0,2025-05
P000982,2025-05-08,Cliente 004,15,False,True,0,2025-05
P000983,2025-05-08,Cliente 004,1,False,True,0,2025-05
P000984,2025-05-14,Cliente 071,1,False,True,0,2025-05
P000985,2025-05-12,Cliente 340,6,False,True,0,2025-05
P000986,2025-05-13,Cliente 183,1,False,True,0,2025-05
P000987,2025-05-15,Cliente 005,1,False,True,0,2025-05
P000988,2025-05-14,Cliente 259,1,False,True,0,2025-05
P000989,2025-05-15,Cliente 076,4,False,True,0,2025-05
P000990,2025-05-08,Cliente 062,2,False,True,0,2025-05
P000991,2025-05-08,Cliente 114,1,False,True,0,2025-05
P000992,2025-05-15,Cliente 024,1,False,True,0,2025-05
P000993,2025-07-07,Cliente 179,8,False,True,0,2025-07
P000994,2025-05-22,Cliente 203,2,False,True,0,2025-05
P000995,2025-05-22,Cliente 203,1,False,True,0,2025-05
P000996,2025-05-18,Cliente 185,4,False,True,0,2025-05
P000997,2025-05-18,Cliente 185,2,False,True,0,2025-05
P000998,2025-05-08,Cliente 238,7,False,True,0,2025-05
P000999,2025-05-08,Cliente 062,1,False,True,0,2025-05
P001000,2025-05-15,Cliente 245,6,False,True,0,2025-05
P001001,2025-05-12,Cliente 067,5,False,True,0,2025-05
P001002,2025-05-12,Cliente 067,15,False,True,0,2025-05
P001003,2025-05-12,Cliente 006,10,False,True,0,2025-05
P001004,2025-05-15,Cliente 024,8,False,True,0,2025-05
P001005,2025-05-12,Cliente 067,1,False,True,0,2025-05
P001006,2025-05-08,Cliente 107,2,False,True,0,2025-05
P001007,2025-05-08,Cliente 107,1,False,True,0,2025-05
P001008,2025-05-08,Cliente 247,1,False,True,0,2025-05
P001009,2025-05-08,Cliente 229,1,False,True,0,2025-05
P001010,2025-05-20,Cliente 176,1,False,True,0,2025-05
P001011,2025-05-12,Cliente 069,17,False,True,0,2025-05
P001012,2025-05-09,Cliente 222,6,False,True,0,2025-05
P001013,2025-05-09,Cliente 222,5,False,True,0,2025-05
P001014,2025-05-28,Cliente 270,7,False,True,0,2025-05
P001015,2025-05-21,Cliente 097,10,False,True,0,2025-05
P001016,2025-05-19,Cliente 123,1,False,True,0,2025-05
P001017,2025-05-13,Cliente 346,5,False,True,0,2025-05
P001018,2025-05-20,Cliente 351,4,False,True,0,2025-05
P001019,2025-05-20,Cliente 350,1,False,True,0,2025-05
P001020,2025-05-20,Cliente 340,2,False,True,0,2025-05
P001021,2025-05-20,Cliente 174,10,False,True,0,2025-05
P001022,2025-05-16,Cliente 290,1,False,True,0,2025-05
P001023,2025-09-09,Cliente 185,7,False,True,0,2025-09
P001024,2025-07-12,Cliente 185,5,False,True,0,2025-07
P001025,2025-05-22,Cliente 121,3,False,True,0,2025-05
P001026,2025-05-14,Cliente 273,7,False,True,0,2025-05
P001027,2025-05-14,Cliente 273,1,False,True,0,2025-05
P001028,2025-07-16,Cliente 183,1,False,True,0,2025-07
P001029,2025-08-25,Cliente 183,1,False,True,0,2025-08
P001030,2025-09-17,Cliente 183,1,False,True,0,2025-09
P001031,2025-06-13,Cliente 183,1,False,True,0,2025-06
P001032,2025-05-15,Cliente 024,2,False,True,0,2025-05
P001033,2025-05-16,Cliente 060,4,False,True,0,2025-05
P001034,2025-05-22,Cliente 117,6,True,True,0,2025-05
P001035,2025-06-14,Cliente 117,4,False,True,0,2025-06
P001036,2025-05-19,Cliente 129,1,False,True,0,2025-05
P001038,2025-05-19,Cliente 098,1,False,True,0,2025-05
P001039,2025-05-23,Cliente 134,1,False,True,0,2025-05
P001040,2025-05-20,Cliente 344,1,False,True,0,2025-05
P001041,2025-05-22,Cliente 223,4,False,True,0,2025-05
P001042,2025-05-20,Cliente 007,1,False,True,0,2025-05
P001043,2025-05-20,Cliente 238,7,False,True,0,2025-05
P001044,2025-05-21,Cliente 067,15,False,True,0,2025-05
P001045,2025-05-21,Cliente 067,1,False,True,0,2025-05
P001046,2025-05-21,Cliente 122,3,False,True,0,2025-05
P001047,2025-05-21,Cliente 122,2,False,True,0,2025-05
P001048,2025-05-22,Cliente 175,1,False,True,0,2025-05
P001049,2025-05-21,Cliente 075,6,False,True,0,2025-05
P001050,2025-05-20,Cliente 085,8,False,True,0,2025-05
P001051,2025-05-20,Cliente 085,1,False,True,0,2025-05
P001052,2025-05-22,Cliente 185,2,False,True,0,2025-05
P001053,2025-05-23,Cliente 335,1,False,True,0,2025-05
P001054,2025-05-23,Cliente 263,1,False,True,0,2025-05
P001055,2025-05-26,Cliente 053,3,False,True,0,2025-05
P001056,2025-05-28,Cliente 024,3,False,True,0,2025-05
P001057,2025-05-28,Cliente 270,9,False,True,0,2025-05
P001058,2025-05-20,Cliente 312,1,False,True,0,2025-05
P001059,2025-05-22,Cliente 185,1,False,True,0,2025-05
P001060,2025-05-20,Cliente 334,2,False,True,0,2025-05
P001061,2025-05-24,Cliente 076,4,False,True,0,2025-05
P001062,2025-05-26,Cliente 062,6,False,True,0,2025-05
P001063,2025-05-26,Cliente 062,1,False,True,0,2025-05
P001064,2025-05-27,Cliente 184,2,False,True,0,2025-05
P001065,2025-05-23,Cliente 094,5,False,True,0,2025-05
P001066,2025-05-24,Cliente 076,1,False,True,0,2025-05
P001067,2025-05-27,Cliente 226,3,False,True,0,2025-05
P001068,2025-05-26,Cliente 145,3,False,True,0,2025-05
P001069,2025-05-26,Cliente 314,2,False,True,0,2025-05
P001070,2025-05-28,Cliente 270,3,False,True,0,2025-05
P001071,2025-05-24,Cliente 259,2,False,True,0,2025-05
P001072,2025-05-22,Cliente 323,2,False,True,0,2025-05
P001073,2025-05-29,Cliente 201,4,False,True,0,2025-05
P001074,2025-05-26,Cliente 114,1,False,True,0,2025-05
P001075,2025-05-28,Cliente 024,3,False,True,0,2025-05
P001076,2025-05-26,Cliente 064,9,False,True,0,2025-05
P001077,2025-05-27,Cliente 185,6,False,True,0,2025-05
P001078,2025-05-22,Cliente 222,7,False,True,0,2025-05
P001079,2025-05-22,Cliente 222,1,False,True,0,2025-05
P001080,2025-05-30,Cliente 088,1,False,True,0,2025-05
P001081,2025-06-23,Cliente 199,1,False,True,0,2025-06
P001082,2025-05-26,Cliente 328,1,False,True,0,2025-05
P001084,2025-06-25,Cliente 092,1,False,True,0,2025-06
P001085,2025-08-21,Cliente 230,1,False,True,0,2025-08
P001087,2025-05-30,Cliente 334,2,False,True,0,2025-05
P001088,2025-06-14,Cliente 151,1,False,True,0,2025-06
P001089,2025-06-30,Cliente 151,1,False,True,0,2025-06
P001090,2025-07-08,Cliente 151,1,False,True,0,2025-07
P001091,2025-06-14,Cliente 055,1,False,True,0,2025-06
P001092,2025-05-29,Cliente 107,1,False,True,0,2025-05
P001093,2025-05-30,Cliente 132,1,False,True,0,2025-05
P001094,2025-06-30,Cliente 185,5,False,True,0,2025-06
P001095,2025-06-14,Cliente 185,5,False,True,0,2025-06
P001096,2025-06-23,Cliente 319,3,False,True,0,2025-06
P001097,2025-06-20,Cliente 169,2,False,True,0,2025-06
P001098,2025-07-21,Cliente 169,2,False,True,0,2025-07
P001099,2025-08-23,Cliente 169,2,False,True,0,2025-08
P001100,2025-09-09,Cliente 169,2,False,True,0,2025-09
P001101,2025-09-09,Cliente 169,2,False,True,0,2025-09
P001102,2025-06-16,Cliente 061,1,False,True,0,2025-06
P001103,2025-06-17,Cliente 061,1,False,True,0,2025-06
P001104,2025-06-17,Cliente 061,1,False,True,0,2025-06
P001105,2025-06-14,Cliente 321,1,False,True,0,2025-06
P001106,2025-06-14,Cliente 321,1,False,True,0,2025-06
P001107,2025-06-11,Cliente 136,5,False,True,0,2025-06
P001108,2025-06-17,Cliente 121,2,False,True,0,2025-06
P001110,2025-09-20,Cliente 092,1,False,True,0,2025-09
P001111,2025-06-14,Cliente 223,4,False,True,0,2025-06
P001112,2025-06-11,Cliente 053,1,False,True,0,2025-06
P001113,2025-06-20,Cliente 315,3,False,True,0,2025-06
P001114,2025-06-11,Cliente 238,7,False,True,0,2025-06
P001115,2025-06-13,Cliente 062,4,False,True,0,2025-06
P001116,2025-06-11,Cliente 344,1,False,True,0,2025-06
P001117,2025-06-11,Cliente 076,4,False,True,0,2025-06
P001118,2025-06-11,Cliente 076,1,False,True,0,2025-06
P001119,2025-06-11,Cliente 256,1,False,True,0,2025-06
P001120,2025-07-10,Cliente 290,1,False,True,0,2025-07
P001121,2025-06-23,Cliente 215,4,False,True,0,2025-06
P001122,2025-06-24,Cliente 175,6,False,True,0,2025-06
P001123,2025-06-11,Cliente 008,1,False,True,0,2025-06
P001124,2025-06-11,Cliente 332,1,False,True,0,2025-06
P001125,2025-06-11,Cliente 350,2,False,True,0,2025-06
P001126,2025-06-11,Cliente 062,2,True,True,0,2025-06
P001127,2025-06-30,Cliente 017,1,False,True,0,2025-06
P001128,2025-07-03,Cliente 018,1,False,True,0,2025-07
P001129,2025-07-10,Cliente 017,1,False,True,0,2025-07
P001130,2025-07-14,Cliente 017,1,False,True,0,2025-07
P001131,2025-06-13,Cliente 071,1,False,True,0,2025-06
P001132,2025-06-14,Cliente 024,1,False,True,0,2025-06
P001133,2025-06-16,Cliente 019,2,False,True,0,2025-06
P001134,2025-06-16,Cliente 019,4,False,True,0,2025-06
P001135,2025-06-18,Cliente 203,1,False,False,0,2025-06
P001136,2025-06-18,Cliente 203,2,False,True,0,2025-06
P001137,2025-06-23,Cliente 208,2,False,True,0,2025-06
P001138,2025-06-23,Cliente 199,1,False,True,0,2025-06
P001139,2025-06-23,Cliente 199,1,False,True,0,2025-06
P001140,2025-06-20,Cliente 064,12,False,True,0,2025-06
P001142,2025-06-23,Cliente 197,3,False,True,0,2025-06
P001143,2025-06-23,Cliente 239,1,False,True,0,2025-06
P001144,2025-06-26,Cliente 091,2,False,True,0,2025-06
P001145,2025-06-13,Cliente 259,2,False,True,0,2025-06
P001146,2025-06-14,Cliente 305,1,False,True,0,2025-06
P001147,2025-06-14,Cliente 011,4,False,True,0,2025-06
P001148,2025-06-14,Cliente 185,1,False,True,0,2025-06
P001149,2025-06-14,Cliente 185,2,False,True,0,2025-06
P001150,2025-06-20,Cliente 176,1,False,True,0,2025-06
P001151,2025-06-20,Cliente 012,4,False,True,0,2025-06
P001152,2025-06-26,Cliente 353,1,False,True,0,2025-06
P001153,2025-06-23,Cliente 174,9,False,True,0,2025-06
P001154,2025-06-20,Cliente 114,1,False,True,0,2025-06
P001155,2025-06-20,Cliente 331,4,False,True,0,2025-06
P001156,2025-06-19,Cliente 062,4,True,True,0,2025-06
P001157,2025-06-26,Cliente 088,1,False,True,0,2025-06
P001158,2025-06-17,Cliente 024,7,False,True,0,2025-06
P001159,2025-06-18,Cliente 053,5,False,True,0,2025-06
P001160,2025-08-21,Cliente 099,1,False,False,0,2025-08
P001161,2025-09-04,Cliente 099,1,False,True,0,2025-09
P001162,2025-09-18,Cliente 099,1,False,True,0,2025-09
P001163,2025-10-02,Cliente 099,1,False,True,0,2025-10
P001164,2025-10-07,Cliente 099,1,False,True,0,2025-10
P001165,2025-06-20,Cliente 161,2,False,True,0,2025-06
P001166,2025-07-04,Cliente 315,2,False,True,0,2025-07
P001167,2025-06-20,Cliente 300,5,False,True,0,2025-06
P001168,2025-06-18,Cliente 323,1,False,True,0,2025-06
P001169,2025-06-17,Cliente 244,1,False,True,0,2025-06
P001170,2025-06-18,Cliente 090,1,False,True,0,2025-06
P001171,2025-06-26,Cliente 107,2,False,True,0,2025-06
P001172,2025-06-26,Cliente 107,2,False,True,0,2025-06
P001173,2025-06-26,Cliente 119,4,False,True,0,2025-06
P001174,2025-06-20,Cliente 172,1,False,True,0,2025-06
P001175,2025-06-28,Cliente 181,3,False,True,0,2025-06
P001176,2025-06-28,Cliente 089,2,False,True,0,2025-06
P001177,2025-06-28,Cliente 307,2,False,True,0,2025-06
P001178,2025-06-23,Cliente 013,2,False,True,0,2025-06
P001179,2025-07-23,Cliente 053,5,False,True,0,2025-07
P001180,2025-06-23,Cliente 013,2,False,True,0,2025-06
P001181,2025-07-04,Cliente 268,6,False,True,0,2025-07
P001182,2025-06-28,Cliente 020,8,False,True,0,2025-06
P001183,2025-06-23,Cliente 106,1,False,True,0,2025-06
P001184,2025-06-28,Cliente 230,2,False,True,0,2025-06
P001185,2025-06-25,Cliente 122,4,False,True,0,2025-06
P001186,2025-06-25,Cliente 062,6,False,True,0,2025-06
P001187,2025-07-04,Cliente 022,3,False,True,0,2025-07
P001188,2025-06-25,Cliente 146,4,False,True,0,2025-06
P001189,2025-07-07,Cliente 021,1,False,True,0,2025-07
P001190,2025-06-25,Cliente 072,6,True,True,0,2025-06
P001191,2025-07-02,Cliente 076,2,False,True,0,2025-07
P001192,2025-07-02,Cliente 076,2,False,True,0,2025-07
P001193,2025-06-25,Cliente 082,1,False,True,0,2025-06
P001194,2025-06-25,Cliente 127,3,False,True,0,2025-06
P001195,2025-06-25,Cliente 127,3,False,True,0,2025-06
P001196,2025-07-02,Cliente 024,1,False,True,0,2025-07
P001197,2025-07-02,Cliente 024,1,False,True,0,2025-07
P001198,2025-07-02,Cliente 024,1,False,True,0,2025-07
P001199,2025-07-02,Cliente 024,1,False,True,0,2025-07
P001200,2025-07-02,Cliente 024,1,False,True,0,2025-07
P001201,2025-07-02,Cliente 024,1,False,True,0,2025-07
P001202,2025-07-02,Cliente 024,1,False,True,0,2025-07
P001203,2025-07-02,Cliente 024,1,False,True,0,2025-07
P001204,2025-07-02,Cliente 024,1,False,True,0,2025-07
P001205,2025-06-25,Cliente 206,1,False,True,0,2025-06
P001206,2025-07-02,Cliente 024,1,False,True,0,2025-07
P001207,2025-07-02,Cliente 024,1,False,True,0,2025-07
P001208,2025-07-02,Cliente 024,1,False,True,0,2025-07
P001209,2025-07-02,Cliente 024,1,False,True,0,2025-07
P001210,2025-07-04,Cliente 279,2,False,True,0,2025-07
P001211,2025-06-30,Cliente 185,1,False,True,0,2025-06
P001212,2025-06-30,Cliente 350,2,False,True,0,2025-06
P001213,2025-07-10,Cliente 175,7,False,True,0,2025-07
P001214,2025-06-30,Cliente 065,2,False,True,0,2025-06
P001215,2025-06-25,Cliente 274,2,False,True,0,2025-06
P001216,2025-06-28,Cliente 134,1,False,True,0,2025-06
P001217,2025-06-30,Cliente 300,5,False,True,0,2025-06
P001218,2025-06-30,Cliente 141,1,False,True,0,2025-06
P001219,2025-07-04,Cliente 339,2,False,True,0,2025-07
P001220,2025-07-02,Cliente 024,1,False,True,0,2025-07
P001221,2025-06-30,Cliente 085,8,False,True,0,2025-06
P001222,2025-06-30,Cliente 023,1,False,True,0,2025-06
P001223,2025-07-03,Cliente 365,1,False,True,0,2025-07
P001224,2025-06-24,Cliente 222,3,True,True,0,2025-06
P001225,2025-06-24,Cliente 222,3,True,True,0,2025-06
P001226,2025-06-27,Cliente 128,1,False,True,0,2025-06
P001227,2025-07-08,Cliente 095,2,True,True,0,2025-07
P001228,2025-07-01,Cliente 095,3,True,True,0,2025-07
P001229,2025-07-04,Cliente 095,3,False,True,0,2025-07
P001230,2025-07-15,Cliente 095,3,False,True,0,2025-07
P001231,2025-07-21,Cliente 095,3,False,True,0,2025-07
P001232,2025-07-28,Cliente 095,3,False,True,0,2025-07
P001233,2025-07-04,Cliente 316,9,False,True,0,2025-07
P001234,2025-07-04,Cliente 316,1,False,True,0,2025-07
P001235,2025-06-30,Cliente 085,1,False,True,0,2025-06
P001236,2025-07-07,Cliente 106,1,False,True,0,2025-07
P001237,2025-06-25,Cliente 222,3,False,True,0,2025-06
P001238,2025-06-25,Cliente 222,6,False,True,0,2025-06
P001239,2025-06-30,Cliente 069,14,False,True,0,2025-06
P001240,2025-06-30,Cliente 069,1,False,True,0,2025-06
P001241,2025-06-28,Cliente 062,4,False,True,0,2025-06
P001242,2025-07-10,Cliente 053,11,False,True,0,2025-07
P001243,2025-07-10,Cliente 053,2,False,True,0,2025-07
P001244,2025-07-02,Cliente 284,5,False,True,0,2025-07
P001245,2025-07-02,Cliente 282,5,False,True,0,2025-07
P001246,2025-07-02,Cliente 285,3,False,True,0,2025-07
P001247,2025-07-02,Cliente 282,5,False,True,0,2025-07
P001248,2025-07-02,Cliente 346,5,False,True,0,2025-07
P001249,2025-07-02,Cliente 347,3,False,True,0,2025-07
P001250,2025-06-30,Cliente 344,1,False,True,0,2025-06
P001251,2025-07-07,Cliente 166,1,False,True,0,2025-07
P001252,2025-06-27,Cliente 256,1,False,True,0,2025-06
P001253,2025-06-27,Cliente 256,1,False,True,0,2025-06
P001254,2025-07-04,Cliente 270,6,False,True,0,2025-07
P001255,2025-07-04,Cliente 232,3,False,True,0,2025-07
P001256,2025-07-07,Cliente 156,1,False,True,0,2025-07
P001257,2025-06-30,Cliente 185,1,False,True,0,2025-06
P001258,2025-07-08,Cliente 314,3,False,True,0,2025-07
P001259,2025-06-30,Cliente 279,1,False,True,0,2025-06
P001260,2025-06-27,Cliente 025,10,False,True,0,2025-06
P001261,2025-06-27,Cliente 025,1,False,True,0,2025-06
P001262,2025-07-04,Cliente 279,1,False,True,0,2025-07
P001263,2025-06-30,Cliente 332,1,False,True,0,2025-06
P001264,2025-07-03,Cliente 060,4,False,True,0,2025-07
P001265,2025-07-08,Cliente 114,1,False,True,0,2025-07
P001266,2025-07-03,Cliente 176,1,False,True,0,2025-07
P001267,2025-07-08,Cliente 067,7,True,True,0,2025-07
P001268,2025-07-08,Cliente 067,1,False,True,0,2025-07
P001269,2025-07-04,Cliente 012,4,False,True,0,2025-07
P001270,2025-07-02,Cliente 024,6,True,True,0,2025-07
P001271,2025-07-09,Cliente 321,1,False,True,0,2025-07
P001272,2025-07-07,Cliente 123,1,False,True,0,2025-07
P001273,2025-07-04,Cliente 185,1,False,True,0,2025-07
P001274,2025-07-04,Cliente 016,2,False,True,0,2025-07
P001275,2025-07-04,Cliente 095,1,False,True,0,2025-07
P001276,2025-07-07,Cliente 061,1,False,True,0,2025-07
P001277,2025-07-10,Cliente 061,1,False,True,0,2025-07
P001278,2025-07-19,Cliente 061,1,False,True,0,2025-07
P001279,2025-07-09,Cliente 024,1,False,True,0,2025-07
P001280,2025-07-04,Cliente 223,4,False,True,0,2025-07
P001281,2025-07-04,Cliente 076,1,False,True,0,2025-07
P001282,2025-07-29,Cliente 217,2,False,True,0,2025-07
P001283,2025-07-09,Cliente 024,1,False,True,0,2025-07
P001284,2025-07-14,Cliente 226,3,False,True,0,2025-07
P001285,2025-07-17,Cliente 027,7,True,True,0,2025-07
P001286,2025-07-09,Cliente 029,4,False,True,0,2025-07
P001287,2025-07-09,Cliente 029,7,True,True,0,2025-07
P001288,2025-07-09,Cliente 028,4,False,True,0,2025-07
P001289,2025-07-09,Cliente 028,7,True,True,0,2025-07
P001290,2025-07-08,Cliente 332,1,False,True,0,2025-07
P001291,2025-07-08,Cliente 331,2,False,True,0,2025-07
P001292,2025-07-14,Cliente 146,9,False,True,0,2025-07
P001293,2025-07-08,Cliente 342,1,False,True,0,2025-07
P001294,2025-07-14,Cliente 030,1,False,True,0,2025-07
P001295,2025-07-14,Cliente 092,1,False,True,0,2025-07
P001296,2025-07-10,Cliente 013,2,False,True,0,2025-07
P001297,2025-07-10,Cliente 128,1,False,True,0,2025-07
P001298,2025-07-09,Cliente 024,1,False,True,0,2025-07
P001299,2025-07-18,Cliente 198,1,False,True,0,2025-07
P001300,2025-07-17,Cliente 091,1,False,True,0,2025-07
P001301,2025-08-11,Cliente 091,1,False,True,0,2025-08
P001302,2025-07-25,Cliente 091,1,False,True,0,2025-07
P001303,2025-07-14,Cliente 072,5,False,True,0,2025-07
P001304,2025-07-18,Cliente 032,2,False,True,0,2025-07
P001305,2025-07-08,Cliente 095,1,False,True,0,2025-07
P001306,2025-07-08,Cliente 328,1,False,True,0,2025-07
P001307,2025-07-12,Cliente 279,1,False,True,0,2025-07
P001308,2025-07-08,Cliente 091,1,False,True,0,2025-07
P001309,2025-07-08,Cliente 350,2,False,False,0,2025-07
P001310,2025-07-14,Cliente 065,3,False,True,0,2025-07
P001311,2025-07-16,Cliente 217,1,False,True,0,2025-07
P001312,2025-07-14,Cliente 079,2,False,True,0,2025-07
P001313,2025-07-14,Cliente 079,1,False,True,0,2025-07
P001314,2025-07-10,Cliente 024,3,False,True,0,2025-07
P001315,2025-07-10,Cliente 024,1,False,True,0,2025-07
P001316,2025-07-16,Cliente 119,2,False,True,0,2025-07
P001317,2025-07-16,Cliente 157,1,False,True,0,2025-07
P001318,2025-07-16,Cliente 155,1,False,True,0,2025-07
P001320,2025-07-16,Cliente 217,1,False,True,0,2025-07
P001321,2025-07-14,Cliente 320,1,False,True,0,2025-07
P001322,2025-07-14,Cliente 336,1,False,True,0,2025-07
P001323,2025-07-11,Cliente 095,2,False,True,0,2025-07
P001324,2025-07-12,Cliente 279,1,False,True,0,2025-07
P001325,2025-07-12,Cliente 185,2,False,True,0,2025-07
P001326,2025-07-12,Cliente 185,1,False,True,0,2025-07
P001327,2025-07-14,Cliente 176,1,False,True,0,2025-07
P001328,2025-07-18,Cliente 174,7,False,True,0,2025-07
P001329,2025-07-18,Cliente 200,1,False,True,0,2025-07
P001330,2025-07-14,Cliente 121,1,False,True,0,2025-07
P001331,2025-07-18,Cliente 014,2,False,True,0,2025-07
P001332,2025-07-18,Cliente 014,2,False,True,0,2025-07
P001333,2025-07-18,Cliente 225,2,False,True,0,2025-07
P001334,2025-07-18,Cliente 225,2,False,True,0,2025-07
P001335,2025-07-14,Cliente 336,23,True,True,0,2025-07
P001336,2025-07-18,Cliente 199,1,False,True,0,2025-07
P001337,2025-07-18,Cliente 199,1,False,True,0,2025-07
P001338,2025-08-02,Cliente 208,2,False,True,0,2025-08
P001339,2025-07-14,Cliente 035,1,False,True,0,2025-07
P001340,2025-07-14,Cliente 178,1,False,True,0,2025-07
P001341,2025-07-16,Cliente 246,6,False,True,0,2025-07
P001342,2025-07-17,Cliente 024,1,False,True,0,2025-07
P001343,2025-07-17,Cliente 024,1,False,True,0,2025-07
P001344,2025-07-17,Cliente 024,1,False,True,0,2025-07
P001345,2025-07-17,Cliente 024,1,False,True,0,2025-07
P001346,2025-07-17,Cliente 024,1,False,True,0,2025-07
P001347,2025-07-17,Cliente 024,1,False,True,0,2025-07
P001348,2025-07-17,Cliente 024,1,False,True,0,2025-07
P001349,2025-07-17,Cliente 024,1,True,True,0,2025-07
P001350,2025-09-04,Cliente 093,2,False,True,0,2025-09
P001352,2025-07-18,Cliente 262,1,False,True,0,2025-07
P001353,2025-07-21,Cliente 321,1,False,True,0,2025-07
P001354,2025-07-24,Cliente 076,2,False,True,0,2025-07
P001355,2025-07-18,Cliente 036,1,False,True,0,2025-07
P001356,2025-07-18,Cliente 109,5,False,True,0,2025-07
P001357,2025-07-25,Cliente 016,3,False,True,0,2025-07
P001358,2025-07-17,Cliente 024,4,False,True,0,2025-07
P001359,2025-07-25,Cliente 024,9,False,True,0,2025-07
P001360,2025-07-18,Cliente 185,1,False,True,0,2025-07
P001361,2025-07-21,Cliente 234,6,False,True,0,2025-07
P001362,2025-07-25,Cliente 339,3,False,True,0,2025-07
P001363,2025-07-21,Cliente 344,1,False,True,0,2025-07
P001364,2025-07-24,Cliente 076,1,False,True,0,2025-07
P001365,2025-08-01,Cliente 175,1,False,True,0,2025-08
P001366,2025-07-20,Cliente 017,1,False,True,0,2025-07
P001367,2025-07-21,Cliente 017,1,False,True,0,2025-07
P001368,2025-07-21,Cliente 017,1,False,True,0,2025-07
P001369,2025-07-23,Cliente 017,1,False,True,0,2025-07
P001370,2025-07-28,Cliente 017,1,False,True,0,2025-07
P001371,2025-07-29,Cliente 017,1,False,True,0,2025-07
P001372,2025-07-30,Cliente 017,1,False,True,0,2025-07
P001373,2025-07-31,Cliente 017,1,False,True,0,2025-07
P001374,2025-08-04,Cliente 017,1,False,True,0,2025-08
P001375,2025-08-05,Cliente 017,1,False,True,0,2025-08
P001376,2025-07-25,Cliente 232,2,False,True,0,2025-07
P001377,2025-07-25,Cliente 339,1,False,True,0,2025-07
P001378,2025-07-21,Cliente 093,2,False,True,0,2025-07
P001379,2025-07-21,Cliente 064,12,True,True,0,2025-07
P001380,2025-07-21,Cliente 081,8,False,True,0,2025-07
P001381,2025-07-18,Cliente 245,1,False,True,0,2025-07
P001382,2025-07-21,Cliente 064,1,False,True,0,2025-07
P001383,2025-07-18,Cliente 286,1,False,True,0,2025-07
P001384,2025-07-21,Cliente 081,1,False,True,0,2025-07
P001385,2025-07-21,Cliente 203,1,False,True,0,2025-07
P001386,2025-07-21,Cliente 243,5,False,True,0,2025-07
P001387,2025-07-21,Cliente 321,1,False,True,0,2025-07
P001388,2025-07-21,Cliente 013,1,False,True,0,2025-07
P001389,2025-07-25,Cliente 245,6,False,True,0,2025-07
P001390,2025-08-01,Cliente 165,3,False,True,0,2025-08
P001391,2025-08-01,Cliente 165,4,False,True,0,2025-08
P001392,2025-07-30,Cliente 283,5,True,True,0,2025-07
P001393,2025-07-30,Cliente 284,5,True,True,0,2025-07
P001394,2025-07-29,Cliente 256,1,False,True,0,2025-07
P001395,2025-07-24,Cliente 201,4,False,True,0,2025-07
P001396,2025-07-25,Cliente 091,1,False,True,0,2025-07
P001397,2025-07-21,Cliente 353,1,False,True,0,2025-07
P001398,2025-07-30,Cliente 331,1,False,True,0,2025-07
P001399,2025-08-13,Cliente 310,1,False,True,0,2025-08
P001400,2025-07-25,Cliente 022,2,False,True,0,2025-07
P001401,2025-07-30,Cliente 332,1,False,True,0,2025-07
P001402,2025-07-25,Cliente 334,2,False,True,0,2025-07
P001403,2025-07-25,Cliente 106,2,False,True,0,2025-07
P001404,2025-07-25,Cliente 311,1,False,True,0,2025-07
P001405,2025-07-23,Cliente 025,4,False,True,0,2025-07
P001406,2025-07-24,Cliente 062,4,False,True,0,2025-07
P001407,2025-07-25,Cliente 061,1,False,True,0,2025-07
P001408,2025-07-23,Cliente 222,7,False,True,0,2025-07
P001409,2025-07-23,Cliente 222,3,False,True,0,2025-07
P001410,2025-07-23,Cliente 053,11,False,True,0,2025-07
P001411,2025-07-25,Cliente 037,1,False,True,0,2025-07
P001412,2025-07-24,Cliente 066,1,False,True,0,2025-07
P001413,2025-07-30,Cliente 038,9,False,True,0,2025-07
P001414,2025-09-16,Cliente 277,1,False,True,0,2025-09
P001415,2025-07-25,Cliente 022,1,False,True,0,2025-07
P001417,2025-07-30,Cliente 176,1,False,True,0,2025-07
P001418,2025-07-30,Cliente 176,1,False,True,0,2025-07
P001419,2025-07-31,Cliente 148,12,False,True,0,2025-07
P001420,2025-07-28,Cliente 013,2,False,True,0,2025-07
P001421,2025-07-25,Cliente 222,4,False,True,0,2025-07
P001422,2025-07-25,Cliente 222,6,True,True,0,2025-07
P001423,2025-07-31,Cliente 060,3,False,True,0,2025-07
P001424,2025-08-02,Cliente 091,1,False,True,0,2025-08
P001426,2025-07-30,Cliente 166,1,False,True,0,2025-07
P001427,2025-07-30,Cliente 114,1,False,True,0,2025-07
P001428,2025-08-02,Cliente 340,10,False,True,0,2025-08
P001429,2025-08-02,Cliente 215,1,False,True,0,2025-08
P001430,2025-07-31,Cliente 061,1,False,True,0,2025-07
P001431,2025-08-22,Cliente 061,1,False,True,0,2025-08
P001432,2025-08-02,Cliente 088,3,False,True,0,2025-08
P001433,2025-08-04,Cliente 332,1,False,True,0,2025-08
P001435,2025-08-04,Cliente 121,1,False,True,0,2025-08
P001436,2025-08-02,Cliente 185,1,False,True,0,2025-08
P001437,2025-08-02,Cliente 185,2,False,True,0,2025-08
P001439,2025-08-02,Cliente 185,1,False,True,0,2025-08
P001442,2025-08-04,Cliente 344,1,False,True,0,2025-08
P001443,2025-08-14,Cliente 175,8,True,True,0,2025-08
P001445,2025-08-11,Cliente 091,1,False,True,0,2025-08
P001446,2025-08-02,Cliente 279,3,False,True,0,2025-08
P001447,2025-08-07,Cliente 025,8,False,True,0,2025-08
P001448,2025-08-02,Cliente 008,1,False,True,0,2025-08
P001449,2025-08-07,Cliente 122,4,False,True,0,2025-08
P001451,2025-08-08,Cliente 197,2,False,True,0,2025-08
P001452,2025-08-08,Cliente 197,1,False,True,0,2025-08
P001453,2025-08-06,Cliente 350,2,False,True,0,2025-08
P001454,2025-08-06,Cliente 024,3,False,True,0,2025-08
P001455,2025-08-06,Cliente 300,7,False,True,0,2025-08
P001456,2025-08-18,Cliente 024,3,False,True,0,2025-08
P001457,2025-08-06,Cliente 017,1,False,True,0,2025-08
P001458,2025-08-08,Cliente 017,1,False,True,0,2025-08
P001459,2025-08-18,Cliente 060,2,False,True,0,2025-08
P001460,2025-08-06,Cliente 176,1,False,True,0,2025-08
P001461,2025-08-12,Cliente 103,3,False,True,0,2025-08
P001462,2025-08-18,Cliente 123,1,False,True,0,2025-08
P001463,2025-08-13,Cliente 153,1,False,True,0,2025-08
P001467,2025-08-13,Cliente 065,3,False,True,0,2025-08
P001468,2025-08-08,Cliente 199,2,False,True,0,2025-08
P001469,2025-08-08,Cliente 199,1,False,True,0,2025-08
P001470,2025-08-08,Cliente 195,3,False,True,0,2025-08
P001471,2025-08-08,Cliente 193,2,False,True,0,2025-08
P001472,2025-08-08,Cliente 191,3,False,True,0,2025-08
P001473,2025-08-08,Cliente 194,2,False,True,0,2025-08
P001474,2025-08-08,Cliente 192,3,False,True,0,2025-08
P001475,2025-08-08,Cliente 306,2,False,True,0,2025-08
P001479,2025-08-08,Cliente 214,1,False,True,0,2025-08
P001480,2025-08-11,Cliente 317,2,False,True,0,2025-08
P001481,2025-08-07,Cliente 222,6,False,True,0,2025-08
P001482,2025-08-07,Cliente 222,4,False,True,0,2025-08
P001483,2025-08-13,Cliente 087,1,False,True,0,2025-08
P001484,2025-08-14,Cliente 316,1,False,True,0,2025-08
P001485,2025-08-14,Cliente 253,1,False,True,0,2025-08
P001486,2025-08-11,Cliente 016,2,False,True,0,2025-08
P001488,2025-08-08,Cliente 009,2,False,True,0,2025-08
P001489,2025-08-11,Cliente 022,2,False,True,0,2025-08
P001490,2025-08-14,Cliente 039,9,False,True,0,2025-08
P001491,2025-08-12,Cliente 273,12,False,True,0,2025-08
P001492,2025-08-12,Cliente 273,2,False,True,0,2025-08
P001493,2025-08-12,Cliente 062,7,False,True,0,2025-08
P001494,2025-08-21,Cliente 185,3,False,True,0,2025-08
P001495,2025-08-14,Cliente 071,1,False,True,0,2025-08
P001496,2025-08-14,Cliente 072,9,False,True,0,2025-08
P001497,2025-08-12,Cliente 013,2,False,True,0,2025-08
P001498,2025-08-11,Cliente 268,4,False,True,0,2025-08
P001499,2025-08-18,Cliente 095,3,False,True,0,2025-08
P001500,2025-08-25,Cliente 095,3,False,True,0,2025-08
P001501,2025-08-13,Cliente 114,1,False,True,0,2025-08
P001502,2025-08-21,Cliente 201,4,False,True,0,2025-08
P001503,2025-08-13,Cliente 332,1,False,True,0,2025-08
P001504,2025-08-14,Cliente 232,3,False,True,0,2025-08
P001505,2025-09-06,Cliente 109,6,False,True,0,2025-09
P001506,2025-08-14,Cliente 002,2,False,True,0,2025-08
P001507,2025-08-14,Cliente 002,1,False,True,0,2025-08
P001508,2025-08-14,Cliente 164,3,False,True,0,2025-08
P001509,2025-08-14,Cliente 031,1,False,True,0,2025-08
P001510,2025-09-04,Cliente 209,1,False,True,0,2025-09
P001511,2025-08-13,Cliente 344,1,False,True,0,2025-08
P001512,2025-09-04,Cliente 024,1,False,True,0,2025-09
P001513,2025-09-04,Cliente 024,1,False,True,0,2025-09
P001514,2025-09-04,Cliente 024,1,False,True,0,2025-09
P001515,2025-08-18,Cliente 083,1,False,True,0,2025-08
P001516,2025-08-13,Cliente 098,1,False,True,0,2025-08
P001517,2025-08-14,Cliente 062,4,False,True,0,2025-08
P001518,2025-08-23,Cliente 088,3,False,True,0,2025-08
P001519,2025-10-08,Cliente 091,1,False,True,0,2025-10
P001520,2025-08-12,Cliente 222,4,False,True,0,2025-08
P001521,2025-08-12,Cliente 222,3,False,True,0,2025-08
P001522,2025-08-14,Cliente 274,1,False,True,0,2025-08
P001523,2025-08-23,Cliente 315,2,False,True,0,2025-08
P001524,2025-08-14,Cliente 261,4,False,True,0,2025-08
P001525,2025-08-18,Cliente 136,7,False,True,0,2025-08
P001526,2025-08-23,Cliente 270,7,False,True,0,2025-08
P001527,2025-08-14,Cliente 324,8,False,True,0,2025-08
P001528,2025-08-14,Cliente 220,2,False,True,0,2025-08
P001529,2025-08-21,Cliente 203,2,False,True,0,2025-08
P001530,2025-08-18,Cliente 166,1,False,True,0,2025-08
P001531,2025-08-14,Cliente 212,3,False,True,0,2025-08
P001532,2025-08-18,Cliente 117,2,False,True,0,2025-08
P001533,2025-08-14,Cliente 170,1,False,True,0,2025-08
P001534,2025-08-14,Cliente 217,1,False,True,0,2025-08
P001535,2025-08-14,Cliente 108,1,False,True,0,2025-08
P001536,2025-08-28,Cliente 141,1,False,True,0,2025-08
P001537,2025-08-14,Cliente 222,3,False,True,0,2025-08
P001538,2025-08-14,Cliente 213,4,False,True,0,2025-08
P001539,2025-08-18,Cliente 176,1,False,True,0,2025-08
P001540,2025-08-18,Cliente 038,5,False,True,0,2025-08
P001541,2025-09-04,Cliente 240,4,False,True,0,2025-09
P001542,2025-08-21,Cliente 013,1,False,True,0,2025-08
P001543,2025-08-21,Cliente 185,1,False,True,0,2025-08
P001544,2025-08-21,Cliente 216,1,False,True,0,2025-08
P001545,2025-08-23,Cliente 121,1,False,True,0,2025-08
P001546,2025-08-23,Cliente 185,1,False,True,0,2025-08
P001547,2025-09-03,Cliente 175,5,False,True,0,2025-09
P001548,2025-09-06,Cliente 262,1,False,True,0,2025-09
P001549,2025-08-21,Cliente 013,1,False,True,0,2025-08
P001550,2025-08-23,Cliente 339,3,False,True,0,2025-08
P001551,2025-08-28,Cliente 332,1,False,True,0,2025-08
P001552,2025-09-08,Cliente 017,1,False,True,0,2025-09
P001553,2025-09-09,Cliente 017,1,False,True,0,2025-09
P001554,2025-09-10,Cliente 017,1,False,True,0,2025-09
P001555,2025-09-20,Cliente 017,1,False,True,0,2025-09
P001556,2025-08-28,Cliente 174,10,False,True,0,2025-08
P001557,2025-08-28,Cliente 065,4,False,True,0,2025-08
P001558,2025-08-25,Cliente 328,1,False,True,0,2025-08
P001559,2025-08-25,Cliente 328,1,False,True,0,2025-08
P001560,2025-08-28,Cliente 321,1,False,True,0,2025-08
P001562,2025-08-23,Cliente 185,1,False,True,0,2025-08
P001563,2025-08-29,Cliente 185,1,False,True,0,2025-08
P001564,2025-08-23,Cliente 025,2,False,True,0,2025-08
P001565,2025-08-28,Cliente 286,1,False,True,0,2025-08
P001566,2025-08-25,Cliente 222,6,False,True,0,2025-08
P001567,2025-08-25,Cliente 222,2,False,True,0,2025-08
P001568,2025-09-04,Cliente 024,1,False,True,0,2025-09
P001569,2025-09-04,Cliente 024,1,False,True,0,2025-09
P001570,2025-09-04,Cliente 024,1,False,True,0,2025-09
P001571,2025-09-04,Cliente 024,1,False,True,0,2025-09
P001572,2025-08-29,Cliente 185,1,False,True,0,2025-08
P001573,2025-08-28,Cliente 151,1,False,True,0,2025-08
P001574,2025-09-12,Cliente 067,6,True,True,0,2025-09
P001575,2025-09-12,Cliente 067,1,False,True,0,2025-09
P001576,2025-09-12,Cliente 067,14,True,True,0,2025-09
P001577,2025-09-01,Cliente 148,13,False,True,0,2025-09
P001578,2025-04-22,Cliente 024,8,False,True,0,2025-04
P001579,2025-08-29,Cliente 350,2,False,True,0,2025-08
P001580,2025-08-29,Cliente 351,1,False,True,0,2025-08
P001581,2025-09-03,Cliente 095,3,False,True,0,2025-09
P001582,2025-09-15,Cliente 095,3,False,True,0,2025-09
P001583,2025-09-04,Cliente 275,1,False,True,0,2025-09
P001584,2025-09-04,Cliente 198,2,False,True,0,2025-09
P001585,2025-08-29,Cliente 279,1,False,True,0,2025-08
P001586,2025-08-29,Cliente 070,3,False,True,0,2025-08
P001587,2025-09-03,Cliente 339,1,False,True,0,2025-09
P001588,2025-08-29,Cliente 027,5,False,True,0,2025-08
P001589,2025-09-04,Cliente 041,5,False,True,0,2025-09
P001590,2025-09-02,Cliente 071,1,False,True,0,2025-09
P001591,2025-09-02,Cliente 348,1,False,True,0,2025-09
P001592,2025-09-02,Cliente 108,1,False,True,0,2025-09
P001593,2025-09-08,Cliente 127,3,False,True,0,2025-09
P001594,2025-09-08,Cliente 073,6,False,True,0,2025-09
P001595,2025-09-04,Cliente 024,9,False,True,0,2025-09
P001596,2025-09-04,Cliente 304,2,False,True,0,2025-09
P001597,2025-09-04,Cliente 215,2,False,True,0,2025-09
P001598,2025-09-05,Cliente 093,2,False,True,0,2025-09
P001599,2025-08-29,Cliente 185,1,False,True,0,2025-08
P001600,2025-09-02,Cliente 186,1,False,True,0,2025-09
P001601,2025-08-29,Cliente 070,1,False,True,0,2025-08
P001602,2025-09-02,Cliente 180,6,False,True,0,2025-09
P001603,2025-09-02,Cliente 180,10,True,True,0,2025-09
P001604,2025-09-02,Cliente 180,1,False,True,0,2025-09
P001605,2025-09-03,Cliente 016,4,False,True,0,2025-09
P001606,2025-09-02,Cliente 146,1,False,True,0,2025-09
P001607,2025-09-02,Cliente 043,2,False,True,0,2025-09
P001608,2025-08-29,Cliente 205,2,False,True,0,2025-08
P001609,2025-08-29,Cliente 264,4,False,True,0,2025-08
P001610,2025-09-02,Cliente 062,1,False,True,0,2025-09
P001611,2025-09-04,Cliente 214,1,False,True,0,2025-09
P001612,2025-09-02,Cliente 274,1,False,True,0,2025-09
P001614,2025-09-02,Cliente 044,1,False,True,0,2025-09
P001615,2025-09-03,Cliente 022,2,False,True,0,2025-09
P001616,2025-09-03,Cliente 030,1,False,True,0,2025-09
P001617,2025-09-02,Cliente 344,1,False,True,0,2025-09
P001618,2025-09-08,Cliente 269,2,False,True,0,2025-09
P001619,2025-09-02,Cliente 040,11,True,True,0,2025-09
P001620,2025-09-13,Cliente 024,1,False,True,0,2025-09
P001621,2025-09-13,Cliente 024,1,False,True,0,2025-09
P001622,2025-09-13,Cliente 024,1,False,True,0,2025-09
P001623,2025-09-13,Cliente 024,1,False,True,0,2025-09
P001624,2025-09-13,Cliente 024,1,False,True,0,2025-09
P001625,2025-09-13,Cliente 024,1,False,True,0,2025-09
P001626,2025-08-29,Cliente 223,3,False,True,0,2025-08
P001627,2025-08-29,Cliente 090,1,False,True,0,2025-08
P001628,2025-09-25,Cliente 298,1,False,True,0,2025-09
P001629,2025-09-02,Cliente 037,1,False,True,0,2025-09
P001630,2025-09-04,Cliente 203,2,False,True,0,2025-09
P001631,2025-09-04,Cliente 258,2,False,True,0,2025-09
P001632,2025-09-18,Cliente 175,7,False,True,0,2025-09
P001633,2025-09-05,Cliente 176,1,False,True,0,2025-09
P001634,2025-09-05,Cliente 114,1,False,True,0,2025-09
P001635,2025-09-09,Cliente 088,3,False,True,0,2025-09
P001636,2025-09-02,Cliente 146,3,False,True,0,2025-09
P001637,2025-09-11,Cliente 041,2,False,True,0,2025-09
P001638,2025-09-03,Cliente 041,1,False,True,0,2025-09
P001639,2025-09-08,Cliente 128,1,False,True,0,2025-09
P001640,2025-09-18,Cliente 128,1,False,True,0,2025-09
P001641,2025-09-30,Cliente 128,1,False,True,0,2025-09
P001642,2025-10-09,Cliente 128,1,False,True,0,2025-10
P001643,2025-09-24,Cliente 071,1,False,True,0,2025-09
P001644,2025-09-10,Cliente 329,1,False,True,0,2025-09
P001645,2025-09-08,Cliente 110,1,False,True,0,2025-09
P001646,2025-09-08,Cliente 345,1,False,True,0,2025-09
P001647,2025-09-06,Cliente 335,3,False,True,0,2025-09
P001648,2025-09-03,Cliente 222,5,False,True,0,2025-09
P001649,2025-09-08,Cliente 232,3,False,True,0,2025-09
P001650,2025-09-09,Cliente 246,2,False,True,0,2025-09
P001651,2025-09-08,Cliente 167,9,False,True,0,2025-09
P001652,2025-09-13,Cliente 061,1,False,True,0,2025-09
P001653,2025-09-05,Cliente 118,4,False,True,0,2025-09
P001654,2025-09-05,Cliente 332,1,False,True,0,2025-09
P001655,2025-09-08,Cliente 242,6,False,True,0,2025-09
P001656,2025-09-12,Cliente 085,9,False,True,0,2025-09
P001657,2025-09-09,Cliente 185,4,False,True,0,2025-09
P001658,2025-09-09,Cliente 185,1,False,True,0,2025-09
P001659,2025-09-24,Cliente 185,2,False,True,0,2025-09
P001660,2025-09-09,Cliente 103,3,False,True,0,2025-09
P001661,2025-09-09,Cliente 185,1,False,True,0,2025-09
P001662,2025-09-12,Cliente 107,4,False,True,0,2025-09
P001663,2025-09-12,Cliente 107,1,False,True,0,2025-09
P001664,2025-09-24,Cliente 053,4,False,True,0,2025-09
P001665,2025-09-12,Cliente 131,1,False,True,0,2025-09
P001666,2025-09-08,Cliente 150,5,False,True,0,2025-09
P001667,2025-09-15,Cliente 301,2,False,True,0,2025-09
P001668,2025-09-15,Cliente 302,2,False,True,0,2025-09
P001669,2025-09-15,Cliente 026,2,False,True,0,2025-09
P001670,2025-09-10,Cliente 262,1,False,True,0,2025-09
P001671,2025-09-08,Cliente 079,1,False,True,0,2025-09
P001672,2025-09-08,Cliente 079,1,False,True,0,2025-09
P001673,2025-09-08,Cliente 100,6,False,True,0,2025-09
P001674,2025-09-08,Cliente 072,4,False,True,0,2025-09
P001675,2025-09-08,Cliente 336,21,True,True,0,2025-09
P001676,2025-09-23,Cliente 281,5,False,True,0,2025-09
P001677,2025-09-23,Cliente 283,1,False,True,0,2025-09
P001678,2025-09-23,Cliente 284,5,False,True,0,2025-09
P001679,2025-09-23,Cliente 285,4,False,True,0,2025-09
P001680,2025-09-23,Cliente 347,5,False,True,0,2025-09
P001681,2025-09-17,Cliente 024,1,False,True,0,2025-09
P001682,2025-09-17,Cliente 024,1,False,True,0,2025-09
P001683,2025-09-23,Cliente 346,4,False,True,0,2025-09
P001684,2025-09-17,Cliente 024,1,False,True,0,2025-09
P001685,2025-09-17,Cliente 024,1,False,True,0,2025-09
P001686,2025-09-23,Cliente 010,4,False,True,0,2025-09
P001687,2025-09-12,Cliente 046,1,False,True,0,2025-09
P001688,2025-09-11,Cliente 045,1,False,True,0,2025-09
P001689,2025-09-12,Cliente 331,3,False,True,0,2025-09
P001690,2025-09-17,Cliente 279,2,False,True,0,2025-09
P001691,2025-09-11,Cliente 034,2,False,True,0,2025-09
P001692,2025-09-17,Cliente 329,2,False,True,0,2025-09
P001694,2025-09-16,Cliente 207,1,False,True,0,2025-09
P001696,2025-09-16,Cliente 225,2,False,True,0,2025-09
P001697,2025-09-08,Cliente 222,5,False,True,0,2025-09
P001698,2025-09-08,Cliente 222,2,False,True,0,2025-09
P001699,2025-09-16,Cliente 225,1,False,True,0,2025-09
P001700,2025-09-16,Cliente 294,2,False,True,0,2025-09
P001701,2025-09-16,Cliente 211,2,False,True,0,2025-09
P001702,2025-09-17,Cliente 045,1,False,True,0,2025-09
P001703,2025-09-17,Cliente 189,1,False,True,0,2025-09
P001704,2025-09-10,Cliente 117,5,False,True,0,2025-09
P001705,2025-09-10,Cliente 117,4,False,True,0,2025-09
P001706,2025-09-17,Cliente 076,2,False,True,0,2025-09
P001707,2025-10-10,Cliente 076,2,False,True,0,2025-10
P001708,2025-09-16,Cliente 108,1,False,True,0,2025-09
P001709,2025-09-12,Cliente 151,1,False,True,0,2025-09
P001710,2025-09-16,Cliente 274,1,False,True,0,2025-09
P001711,2025-09-17,Cliente 130,1,False,True,0,2025-09
P001712,2025-09-17,Cliente 091,1,False,True,0,2025-09
P001713,2025-09-16,Cliente 040,1,False,True,0,2025-09
P001714,2025-09-13,Cliente 060,3,False,True,0,2025-09
P001715,2025-09-12,Cliente 351,1,False,True,0,2025-09
P001716,2025-09-10,Cliente 090,1,False,True,0,2025-09
P001717,2025-09-17,Cliente 185,1,False,True,0,2025-09
P001718,2025-09-13,Cliente 024,5,False,True,0,2025-09
P001719,2025-09-16,Cliente 103,3,False,True,0,2025-09
P001720,2025-09-12,Cliente 107,1,False,True,0,2025-09
P001721,2025-09-16,Cliente 210,3,False,True,0,2025-09
P001722,2025-09-16,Cliente 318,3,False,True,0,2025-09
P001723,2025-09-16,Cliente 275,2,False,True,0,2025-09
P001724,2025-09-16,Cliente 288,3,False,True,0,2025-09
P001725,2025-09-16,Cliente 277,1,False,True,0,2025-09
P001726,2025-09-16,Cliente 037,2,False,True,0,2025-09
P001727,2025-09-16,Cliente 248,7,False,True,0,2025-09
P001728,2025-09-29,Cliente 061,1,False,True,0,2025-09
P001729,2025-09-16,Cliente 287,1,False,True,0,2025-09
P001730,2025-09-20,Cliente 134,1,False,True,0,2025-09
P001731,2025-09-16,Cliente 254,3,False,True,0,2025-09
P001732,2025-09-16,Cliente 254,1,False,True,0,2025-09
P001733,2025-09-27,Cliente 270,2,False,True,0,2025-09
P001734,2025-10-02,Cliente 045,1,False,True,0,2025-10
P001735,2025-10-03,Cliente 279,1,False,True,0,2025-10
P001736,2025-10-03,Cliente 279,1,False,True,0,2025-10
P001737,2025-10-08,Cliente 045,1,False,True,0,2025-10
P001738,2025-09-26,Cliente 316,1,False,True,0,2025-09
P001739,2025-09-24,Cliente 013,1,False,True,0,2025-09
P001740,2025-09-23,Cliente 087,2,False,True,0,2025-09
P001741,2025-09-23,Cliente 065,3,False,True,0,2025-09
P001742,2025-09-26,Cliente 146,4,False,True,0,2025-09
P001743,2025-09-26,Cliente 261,5,False,True,0,2025-09
P001744,2025-09-26,Cliente 261,1,False,True,0,2025-09
P001745,2025-09-24,Cliente 185,2,False,True,0,2025-09
P001746,2025-09-24,Cliente 185,3,False,True,0,2025-09
P001747,2025-09-25,Cliente 344,1,False,True,0,2025-09
P001748,2025-09-27,Cliente 270,7,False,True,0,2025-09
P001749,2025-09-23,Cliente 332,1,False,True,0,2025-09
P001750,2025-09-26,Cliente 336,5,False,True,0,2025-09
P001751,2025-09-23,Cliente 047,2,False,True,0,2025-09
P001752,2025-09-17,Cliente 142,2,False,True,0,2025-09
P001753,2025-09-26,Cliente 120,3,False,True,0,2025-09
P001754,2025-09-25,Cliente 139,1,False,True,0,2025-09
P001755,2025-09-25,Cliente 138,1,False,True,0,2025-09
P001756,2025-09-25,Cliente 140,1,False,True,0,2025-09
P001757,2025-10-06,Cliente 024,1,False,True,0,2025-10
P001758,2025-10-06,Cliente 024,1,False,True,0,2025-10
P001759,2025-10-06,Cliente 024,1,False,True,0,2025-10
P001760,2025-10-06,Cliente 024,1,False,True,0,2025-10
P001761,2025-10-06,Cliente 024,1,False,True,0,2025-10
P001762,2025-10-06,Cliente 024,1,False,True,0,2025-10
P001763,2025-10-06,Cliente 024,1,False,True,0,2025-10
P001764,2025-10-06,Cliente 024,1,False,True,0,2025-10
P001765,2025-09-23,Cliente 176,1,False,True,0,2025-09
P001766,2025-09-23,Cliente 003,1,False,True,0,2025-09
P001767,2025-10-13,Cliente 191,3,False,True,0,2025-10
P001768,2025-09-27,Cliente 339,2,False,True,0,2025-09
P001769,2025-09-26,Cliente 278,5,False,True,0,2025-09
P001770,2025-09-26,Cliente 235,14,False,True,0,2025-09
P001771,2025-09-27,Cliente 201,4,False,True,0,2025-09
P001772,2025-09-26,Cliente 037,2,False,True,0,2025-09
P001773,2025-09-23,Cliente 153,1,False,True,0,2025-09
P001774,2025-09-27,Cliente 279,1,False,True,0,2025-09
P001775,2025-09-27,Cliente 022,2,False,True,0,2025-09
P001776,2025-09-23,Cliente 351,3,False,True,0,2025-09
P001777,2025-09-19,Cliente 222,3,False,True,0,2025-09
P001778,2025-09-19,Cliente 222,6,False,True,0,2025-09
P001779,2025-09-23,Cliente 024,6,False,True,0,2025-09
P001780,2025-10-03,Cliente 033,2,False,True,0,2025-10
P001781,2025-09-27,Cliente 189,1,False,True,0,2025-09
P001782,2025-09-26,Cliente 105,7,False,True,0,2025-09
P001783,2025-09-26,Cliente 105,1,False,True,0,2025-09
P001784,2025-09-26,Cliente 082,1,False,True,0,2025-09
P001785,2025-09-23,Cliente 350,2,False,True,0,2025-09
P001786,2025-09-26,Cliente 095,3,False,True,0,2025-09
P001787,2025-09-26,Cliente 073,2,False,True,0,2025-09
P001788,2025-09-24,Cliente 071,1,False,True,0,2025-09
P001789,2025-09-26,Cliente 274,1,False,True,0,2025-09
P001790,2025-09-27,Cliente 185,1,False,True,0,2025-09
P001791,2025-10-01,Cliente 069,18,False,True,0,2025-10
P001792,2025-09-26,Cliente 100,2,False,True,0,2025-09
P001793,2025-09-30,Cliente 142,1,False,True,0,2025-09
P001794,2025-09-30,Cliente 334,2,False,True,0,2025-09
P001795,2025-09-29,Cliente 049,1,False,True,0,2025-09
P001796,2025-09-30,Cliente 217,2,False,True,0,2025-09
P001797,2025-10-03,Cliente 048,9,True,True,0,2025-10
P001798,2025-09-29,Cliente 216,1,False,True,0,2025-09
P001799,2025-09-29,Cliente 083,1,False,True,0,2025-09
P001800,2025-10-03,Cliente 223,3,False,True,0,2025-10
P001801,2025-10-08,Cliente 017,1,False,True,0,2025-10
P001802,2025-10-03,Cliente 277,1,False,True,0,2025-10
P001803,2025-10-03,Cliente 325,2,False,True,0,2025-10
P001804,2025-10-03,Cliente 161,2,False,True,0,2025-10
P001805,2025-10-07,Cliente 300,5,False,True,0,2025-10
P001806,2025-10-08,Cliente 091,1,False,True,0,2025-10
P001807,2025-09-26,Cliente 274,1,False,True,0,2025-09
P001808,2025-09-30,Cliente 030,1,False,True,0,2025-09
P001809,2025-10-03,Cliente 066,1,False,True,0,2025-10
P001810,2025-09-26,Cliente 289,3,False,True,0,2025-09
P001811,2025-09-26,Cliente 336,1,False,True,0,2025-09
P001812,2025-09-26,Cliente 336,3,False,True,0,2025-09
P001813,2025-10-03,Cliente 262,7,False,True,0,2025-10
P001814,2025-10-03,Cliente 181,4,False,True,0,2025-10
P001815,2025-10-03,Cliente 089,2,False,True,0,2025-10
P001816,2025-10-03,Cliente 109,6,False,True,0,2025-10
P001817,2025-10-07,Cliente 073,2,False,True,0,2025-10
P001818,2025-10-07,Cliente 059,6,False,True,0,2025-10
P001819,2025-10-07,Cliente 059,2,False,True,0,2025-10
P001820,2025-10-03,Cliente 197,2,False,True,0,2025-10
P001821,2025-10-03,Cliente 197,1,False,True,0,2025-10
P001822,2025-09-27,Cliente 185,1,False,True,0,2025-09
P001823,2025-10-02,Cliente 095,3,False,True,0,2025-10
P001824,2025-10-01,Cliente 050,5,False,True,0,2025-10
P001825,2025-10-07,Cliente 135,5,False,True,0,2025-10
P001826,2025-10-07,Cliente 135,1,False,True,0,2025-10
P001827,2025-10-02,Cliente 121,2,False,True,0,2025-10
P001828,2025-10-02,Cliente 121,2,False,True,0,2025-10
P001829,2025-10-02,Cliente 037,1,False,True,0,2025-10
P001830,2025-10-07,Cliente 340,1,False,True,0,2025-10
P001831,2025-10-01,Cliente 062,4,False,True,0,2025-10
P001832,2025-10-07,Cliente 136,2,False,True,0,2025-10
P001833,2025-10-07,Cliente 274,2,False,True,0,2025-10
P001834,2025-10-03,Cliente 189,1,False,True,0,2025-10
P001835,2025-10-02,Cliente 232,3,False,True,0,2025-10
P001836,2025-10-01,Cliente 176,1,False,True,0,2025-10
P001837,2025-10-06,Cliente 024,8,False,True,0,2025-10
P001838,2025-10-02,Cliente 103,2,False,True,0,2025-10
P001839,2025-10-07,Cliente 108,1,False,True,0,2025-10
P001840,2025-10-07,Cliente 064,12,False,True,0,2025-10
P001841,2025-10-07,Cliente 058,9,False,True,0,2025-10
P001842,2025-10-07,Cliente 042,10,False,True,0,2025-10
P001844,2025-10-10,Cliente 016,5,False,True,0,2025-10
P001846,2025-10-02,Cliente 222,4,False,True,0,2025-10
P001847,2025-10-02,Cliente 222,6,True,True,0,2025-10
P001848,2025-10-03,Cliente 185,2,False,True,0,2025-10
P001849,2025-10-03,Cliente 185,1,False,True,0,2025-10
P001850,2025-10-06,Cliente 095,3,False,True,0,2025-10
P001851,2025-10-08,Cliente 230,1,False,True,0,2025-10
P001852,2025-10-07,Cliente 038,8,False,True,0,2025-10
P001853,2025-10-03,Cliente 291,2,False,True,0,2025-10
P001854,2025-10-03,Cliente 203,2,False,True,0,2025-10
P001855,2025-10-03,Cliente 306,2,False,True,0,2025-10
P001856,2025-10-03,Cliente 199,2,False,True,0,2025-10
P001857,2025-10-07,Cliente 040,1,False,True,0,2025-10
P001858,2025-10-08,Cliente 095,3,False,True,0,2025-10
P001859,2025-10-10,Cliente 339,1,False,True,0,2025-10
P001860,2025-10-10,Cliente 185,3,False,True,0,2025-10
P001861,2025-10-07,Cliente 037,1,False,True,0,2025-10
P001862,2025-10-07,Cliente 344,1,False,True,0,2025-10
P001863,2025-10-08,Cliente 169,2,False,True,0,2025-10
P001864,2025-10-10,Cliente 185,1,False,True,0,2025-10
P001865,2025-10-07,Cliente 074,2,False,True,0,2025-10
P001866,2025-10-07,Cliente 072,8,True,False,0,2025-10
P001867,2025-10-10,Cliente 354,2,False,True,0,2025-10
P001869,2025-10-10,Cliente 022,3,False,True,0,2025-10
P001870,2025-10-11,Cliente 328,2,False,True,0,2025-10
P001871,2025-10-10,Cliente 022,1,False,True,0,2025-10
P001872,2025-10-10,Cliente 185,2,False,True,0,2025-10
P001877,2025-10-13,Cliente 193,3,False,True,0,2025-10
P001878,2025-10-13,Cliente 192,3,False,True,0,2025-10
P001879,2025-10-13,Cliente 051,4,False,True,0,2025-10
P001880,2025-10-13,Cliente 196,2,False,True,0,2025-10
P001881,2025-01-29,Cliente 259,3,False,True,0,2025-01
P001882,2025-02-21,Cliente 245,3,False,True,0,2025-02
P001883,2025-08-14,Cliente 094,3,False,True,0,2025-08
P001884,2025-05-02,Cliente 326,1,False,True,0,2025-05
P001885,2025-08-08,Cliente 015,2,False,True,0,2025-08
P001886,2025-07-02,Cliente 281,4,False,True,0,2025-07
P001887,2025-05-15,Cliente 091,1,False,True,0,2025-05
P001888,2025-04-02,Cliente 281,3,False,True,0,2025-04
P001890,2025-05-20,Cliente 090,1,False,True,0,2025-05
P001891,2025-01-17,Cliente 365,17,False,True,0,2025-01
P001892,2025-01-13,Cliente 357,28,False,True,0,2025-01
P001893,2025-01-22,Cliente 361,13,False,True,0,2025-01
P001894,2025-01-29,Cliente 365,15,False,True,0,2025-01
P001895,2025-01-22,Cliente 357,31,False,True,0,2025-01
P001896,2025-02-03,Cliente 357,29,False,True,0,2025-02
P001897,2025-02-11,Cliente 357,24,False,True,0,2025-02
P001898,2025-02-27,Cliente 365,14,False,True,0,2025-02
P001899,2025-03-04,Cliente 357,26,False,True,0,2025-03
P001900,2025-05-12,Cliente 340,1,False,True,0,2025-05
