codigo_produto,descricao,pedidos,linhas,linhas_com_corte,pedidos_com_corte,taxa_pedidos_com_corte,atendida,solicitada,faltante,fracao_atendimento
121240,PE DE MOLEQUE M CROC 35 GR,3,3,0,0,0.0,125.0,125.0,0.0,1.0
1241,AMENDOIM TORRADO MEDIO BAG 1250KG,1,1,0,0,0.0,18.0,18.0,0.0,1.0
1258,AMENDOIM VENTILADO CASCA RUNNER SC 10KG,1,1,0,0,0.0,500.0,500.0,0.0,1.0
140500,AMENDOIM TORRADO SC5K,2,2,0,0,0.0,6.0,6.0,0.0,1.0
146400,AMENDOIM CROC TRADICIONAL OG LAVIVA,2,2,0,0,0.0,110.0,110.0,0.0,1.0
146401,AMENDOIM TRADICIONAL CX12X220G LAVIVA,5,5,0,0,0.0,421.0,421.0,0.0,1.0
146411,AMENDOIM TRADICIONAL CX12X220G SUPER NOS,5,5,0,0,0.0,202.0,202.0,0.0,1.0
146421,AMENDOIM TRADICIONAL CX12X220G APRECO,2,2,0,0,0.0,144.0,144.0,0.0,1.0
146431,AMENDOIM TRADICIONAL CX12X220G MAMBO,2,2,0,0,0.0,105.0,105.0,0.0,1.0
146441,AMENDOIM TRADICIONAL CX12X220G ZUPPA,2,2,0,0,0.0,82.0,82.0,0.0,1.0
1465,AMENDOIM CROC PIMENTA CX 12X220G ZUPPA,1,1,0,0,0.0,30.0,30.0,0.0,1.0
146500,AMENDOIM CROC MEXICANO OG LAVIVA,2,2,0,0,0.0,164.0,164.0,0.0,1.0
146501,AMENDOIM SABOR P. MEXICANA CX12X220G LAV,6,6,0,0,0.0,532.0,532.0,0.0,1.0
146511,AMENDOIM SABOR P. MEXICANA CX 12X220G SU,4,4,0,0,0.0,254.0,254.0,0.0,1.0
146521,AMENDOIM SABOR P. MEXICANA CX12X220G APR,4,4,0,0,0.0,196.0,196.0,0.0,1.0
146541,AMENDOIM SABOR P. MEXICANA CX12X220G ZUP,1,1,0,0,0.0,45.0,45.0,0.0,1.0
1466,AMENDOIM CROC CEBOLA E SALSA CX 12X220G ZUPPA,1,1,0,0,0.0,30.0,30.0,0.0,1.0
146600,AMENDOIM CROC SALSA/CEB OG LAVIVA,2,2,0,0,0.0,96.0,96.0,0.0,1.0
146601,AMENDOIM SABOR CEBOLA E SALSA CX12X220G,7,7,0,0,0.0,737.0,737.0,0.0,1.0
146611,AMENDOIM SABOR CEBOLA E SALSA CX12X220G,1,1,0,0,0.0,60.0,60.0,0.0,1.0
146621,AMENDOIM SABOR CEBOLA E SALSA CX12X220G,2,2,0,0,0.0,199.0,199.0,0.0,1.0
146631,AMENDOIM SABOR CEBOLA E SALSA CX12X220G,1,1,0,0,0.0,46.0,46.0,0.0,1.0
146700,AMENDOIM S/PELE TOR/SAL OG LAVIVA,3,3,0,0,0.0,130.0,130.0,0.0,1.0
146701,AMENDOIM TORRADO SALGADO S/PELE CX12X250,4,4,0,0,0.0,235.0,235.0,0.0,1.0
146711,AMENDOIM TORRADO SALGADO S/PELE CX12X250,3,3,0,0,0.0,210.0,210.0,0.0,1.0
146721,AMENDOIM TORRADO SALGADO S/PELE CX12X250,3,3,0,0,0.0,183.0,183.0,0.0,1.0
146800,AMENDOIM JAPONES OG LAVIVA 12X220G,1,1,0,0,0.0,59.0,59.0,0.0,1.0
146801,AMENDOIM JAPONES CX12X220G LAVIVA,3,3,1,1,0.3333333333333333,155.0,156.0,1.0,0.9935897435897436
146900,AMENDOIM TORRADO SEM PELE SEM SAL CX12X2,1,1,0,0,0.0,50.0,50.0,0.0,1.0
146910,AMENDOIM TORRADO S/PELE S/SAL CX 12X250SU,6,6,0,0,0.0,288.0,288.0,0.0,1.0
146920,AMENDOIM TORRADO S/PELE S/SAL CX12X250 M,2,2,0,0,0.0,66.0,66.0,0.0,1.0
146930,AMENDOIM TORRADO S/PELE S/SAL CX12X250G,2,2,0,0,0.0,116.0,116.0,0.0,1.0
147100,AMENDOIM SABOR CHURRASCO CX12X220G ZUPPA,3,3,0,0,0.0,110.0,110.0,0.0,1.0
147200,AMENDOIM CROCAMTE ERVAS FINAS CX2X640KG GO MAMBO,5,5,0,0,0.0,231.0,231.0,0.0,1.0
147300,AMENDOIM S/PELE TOR S/SAL OP LAVIVA,2,2,0,0,0.0,120.0,120.0,0.0,1.0
151461,KIT DE AMOTRA,1,1,0,0,0.0,1.0,1.0,0.0,1.0
240100,AMENDOIM DEBLHADO RUNNE 1000KG,2,2,0,0,0.0,2520.0,2520.0,0.0,1.0
240110,AMENDOIM 38/42 BIG BAG 1.250KG,2,2,0,0,0.0,40.0,40.0,0.0,1.0
468900,MOLECAO WANLU 55G CX6X20X55G,1,1,0,0,0.0,27.0,27.0,0.0,1.0
633000,FARINHA DE AMEDOIM CLARA SC10KG,1,1,0,0,0.0,50.0,50.0,0.0,1.0
691800,AMENDOIM GRANULADO SC25KG,1,1,0,0,0.0,4.0,4.0,0.0,1.0
699200,PAÇOCA ROLHA CX24X260G,1,1,0,0,0.0,41.0,41.0,0.0,1.0
699400,PAÇOCA ROLHA POTE 500G,2,2,0,0,0.0,80.0,80.0,0.0,1.0
699700,"PAÇOCA ROLHA 1,020 ROLHÃO",1,1,0,0,0.0,1.0,1.0,0.0,1.0
900100,AMENDOIM VENTILADO CASCA SC 25KG,33,33,0,0,0.0,4774.0,4774.0,0.0,1.0
900300,AMENDOIM DEBULHADO RUNNER 38/42 GRANEL,34,34,0,0,0.0,30613.0,30613.0,0.0,1.0
901700,AMENDOIM 38/42 CX 10KG 2X5,3,3,0,0,0.0,81.0,81.0,0.0,1.0
901900,AMENDOIM 38/42 FD10X500G,1,1,0,0,0.0,1.0,1.0,0.0,1.0
902000,AMENDOIM 38/42 FD20X500G,2,2,0,0,0.0,2.0,2.0,0.0,1.0
902100,AMENDOIM 38/42 FD20X1KG,26,26,1,1,0.038461538461538464,75.0,76.0,1.0,0.9868421052631579
902200,AMENDOIM DEBULHADO RUNNER 38/42 10SC10KG,7,7,0,0,0.0,1532.0,1532.0,0.0,1.0
902300,AMENDOIM 38/42 SC25KG,223,223,1,1,0.004484304932735426,46899.0,46979.0,80.0,0.9982971114753401
902400,AMENDOIM 34/42 SC50KG,1,1,0,0,0.0,400.0,400.0,0.0,1.0
903200,AMENDOIM 40/50 SC25KG,2,2,0,0,0.0,12.0,12.0,0.0,1.0
908400,AMENDOIM BANDA G SC25KG,20,20,0,0,0.0,1132.0,1132.0,0.0,1.0
942100,DIZABEL AMENDOIM TORRADO CASCA SC10KG,23,23,1,1,0.043478260869565216,8156.0,8581.0,425.0,0.950471972963524
942300,AMENDOIM TORRADO MEDIO SC 25KG,1,1,0,0,0.0,10.0,10.0,0.0,1.0
948600,AMENDOIM TORRADO CLARO CX2X5KG,18,18,0,0,0.0,4354.0,4354.0,0.0,1.0
948700,AMENDOIM TORRADO CLARO SC 25KG,123,123,1,1,0.008130081300813009,13254.0,13374.0,120.0,0.9910273665320771
949000,AMENDOIM TORRADO CLARO CX5X5,17,17,0,0,0.0,1262.0,1262.0,0.0,1.0
949100,AMENDOIM TORRADO MEDIO GRANEL,7,7,0,0,0.0,3102.0,3102.0,0.0,1.0
949200,AMENDOIM TORRADO MÉDIO CX2X5KG,17,17,0,0,0.0,2637.0,2637.0,0.0,1.0
949300,AMENDOIM TORRADO MÉDIO SC 25KG,235,235,0,0,0.0,36087.0,36087.0,0.0,1.0
949800,AMENDOIM TORRADO MÉDIO FD10X500G,12,12,0,0,0.0,715.0,715.0,0.0,1.0
949900,AMENDOIM TORRADO MÉDIO FD20X500G,17,17,0,0,0.0,60.0,60.0,0.0,1.0
950000,AMENDOIM TORRADO MÉDIO FD20X1KG,148,148,0,0,0.0,2200.0,2200.0,0.0,1.0
950100,AMENDOIM TORRADO MÉDIO CX5X5,36,36,0,0,0.0,3204.0,3204.0,0.0,1.0
950400,AMENDOIM TORRADO ESCURO SC25KG,89,89,0,0,0.0,24629.0,24629.0,0.0,1.0
950800,AMENDOIM TORRADO SALGADO GRANEL,1,1,0,0,0.0,5.0,5.0,0.0,1.0
951100,AMENDOIM TORRADO SALGADO FD10X500G,2,2,0,0,0.0,3.0,3.0,0.0,1.0
951200,AMENDOIM TORRADO SALGADO FD20X500G,11,11,2,2,0.18181818181818182,19.0,22.0,3.0,0.8636363636363636
951300,"AMENDOIM TORRADO SALGADO FD 20X1,005KG",84,85,5,5,0.05952380952380952,411.0,420.0,9.0,0.9785714285714285
951400,AMENDOIM TORRADO SALGADO SC25KG,81,82,0,0,0.0,2672.0,2672.0,0.0,1.0
951500,AMENDOIM TORRADO SALGADO CX5X5,16,16,0,0,0.0,152.0,152.0,0.0,1.0
951600,AMENDOIM TORRADO SALGADO CX2X5,33,33,0,0,0.0,11160.0,11160.0,0.0,1.0
951700,AMENDOIM TORRADO SALGADO SC10KG,4,4,0,0,0.0,155.0,155.0,0.0,1.0
951900,AMENDOIM FRITO SALGADO FD10X500G,2,2,2,2,1.0,2.0,4.0,2.0,0.5
952200,AMENDOIM FRITO SALGADO FD20X500G,1,1,0,0,0.0,15.0,15.0,0.0,1.0
952300,AMENDOIM FRITO SALGADO FD20X1KG,20,20,1,1,0.05,55.0,56.0,1.0,0.9821428571428571
952400,AMENDOIM FRITO SALGADO SC25KG,7,7,0,0,0.0,39.0,39.0,0.0,1.0
952500,AMENDOIM FRITO SALGADO CX5X5,6,6,0,0,0.0,82.0,82.0,0.0,1.0
952600,AMENDOIM FRITO SALGADO CX2X5KG,6,6,0,0,0.0,259.0,259.0,0.0,1.0
953000,AMENDOIM TORRADO CASCA FD20X500G,5,5,3,3,0.6,10.0,17.0,7.0,0.5882352941176471
953100,AMENDOIM TORRADO CASCA FD15X1KG,16,16,1,1,0.0625,43.0,44.0,1.0,0.9772727272727273
953200,AMENDOIM TORRADO CASCA SC10KG,59,59,0,0,0.0,4723.0,4723.0,0.0,1.0
953300,AMENDOIM TORRADO CASCA SC25KG,2,2,0,0,0.0,90.0,90.0,0.0,1.0
953800,AMENDOIM TRADICIONAL CX10KG2X5,94,94,0,0,0.0,5549.0,5549.0,0.0,1.0
953900,AMENDOIM SABOR TRADICIONAL CX10X1KG,1,1,0,0,0.0,10.0,10.0,0.0,1.0
954000,AMENDOIM TRADICIONAL SC10KG,11,11,0,0,0.0,40.0,40.0,0.0,1.0
954100,AMENDOIM TRADICIONAL SC25KG,6,6,0,0,0.0,18.0,18.0,0.0,1.0
954200,AMENDOIM TRADICIONAL FD20X400G,54,54,0,0,0.0,316.0,316.0,0.0,1.0
954300,AMENDOIM SABOR TRADICIONAL FD20X1KG,36,36,0,0,0.0,177.0,177.0,0.0,1.0
954900,AMENDOIM PIMENTA CX10KG2X5,111,111,0,0,0.0,7586.0,7586.0,0.0,1.0
955000,AMENDOIM SABOR PIMENTA CX10X1KG,1,1,0,0,0.0,10.0,10.0,0.0,1.0
955100,AMENDOIM PIMENTA SC10KG,6,6,0,0,0.0,15.0,15.0,0.0,1.0
955200,AMENDOIM PIMENTA SUAVE SC25KG,6,6,0,0,0.0,12.0,12.0,0.0,1.0
955300,AMENDOIM SABOR PIMENTA FD20X400G,48,48,0,0,0.0,134.0,134.0,0.0,1.0
955400,AMENDOIM SABOR PIMENTA FD20X1KG,5,5,0,0,0.0,8.0,8.0,0.0,1.0
955500,AMENDOIM PIMENTA SUAVE SC 5KG S/IMPRESSÃ,2,2,0,0,0.0,3.0,3.0,0.0,1.0
956000,AMENDOIM SABOR PIMENTA MEXICANA CX2X5KG,29,29,0,0,0.0,571.0,571.0,0.0,1.0
956500,AMENDOIM SABOR PIMENTA MEXICANA FD20X1KG,2,2,2,2,1.0,2.0,4.0,2.0,0.5
957000,AMENDOIM CHURRASCO CX10KG2X5,72,72,0,0,0.0,2882.0,2882.0,0.0,1.0
957200,AMENDOIM CHURRASCO SC10KG,3,3,0,0,0.0,3.0,3.0,0.0,1.0
957400,AMENDOIM SABOR CHURRASCO FD20X400G,35,35,0,0,0.0,229.0,229.0,0.0,1.0
957500,AMENDOIM SABOR CHURRASCO FD20X1KG,2,2,2,2,1.0,2.0,4.0,2.0,0.5
957600,AMENDOIM CHURRASCO SC 5KG S/IMPRESSAO,4,4,0,0,0.0,7.0,7.0,0.0,1.0
958000,AMENDOIM CEBOLA E SALSA CX102X5,128,128,0,0,0.0,9406.0,9406.0,0.0,1.0
958100,AMENDOIM SABOR CEBOLA E SALSA CX10X1KG,1,1,0,0,0.0,10.0,10.0,0.0,1.0
958200,AMENDOIM CEBOLA E SALSA SC10KG,6,6,0,0,0.0,15.0,15.0,0.0,1.0
958300,AMENDOIM CEBOLA E SALSA SC 25KG,5,5,0,0,0.0,12.0,12.0,0.0,1.0
958400,AMENDOIM SABOR CEBOLA E SALSA FD20X400G,64,64,0,0,0.0,385.0,385.0,0.0,1.0
958500,AMENDOIM SABOR CEBOLA E SALSA FD20X1KG,39,39,0,0,0.0,156.0,156.0,0.0,1.0
958600,AMENDOIM CEBOLA E SALSA SC 5KG S/IMPRESS,3,3,0,0,0.0,5.0,5.0,0.0,1.0
959000,AMENDOIM BACON CX10KG2X5,65,65,1,1,0.015384615384615385,1087.0,1127.0,40.0,0.9645075421472937
959200,AMENDOIM BACON SC10KG,7,7,0,0,0.0,65.0,65.0,0.0,1.0
959400,AMENDOIM SABOR BACON FD20X400G,44,44,0,0,0.0,249.0,249.0,0.0,1.0
959500,AMENDOIM SABOR BACON FD20X1KG,2,2,2,2,1.0,2.0,4.0,2.0,0.5
959600,AMENDOIM BACON SC 5KG S/IMPRESSÃO,3,3,0,0,0.0,6.0,6.0,0.0,1.0
959900,AMENDOIM MOSTARDA E MEL CX10KG2X5,22,22,0,0,0.0,695.0,695.0,0.0,1.0
960200,AMENDOIM SABOR MOSTARDA E MEL FD20X400G,17,17,0,0,0.0,68.0,68.0,0.0,1.0
960900,AMENDOIM BEER CROCK CX10KG2X5,5,5,0,0,0.0,15.0,15.0,0.0,1.0
961000,MIX DE AMENDOIM CX6X550G,91,91,1,1,0.01098901098901099,2187.0,2188.0,1.0,0.9995429616087751
961200,AMENDOIM GRANULADO FD10X500G,10,10,2,2,0.2,59.0,70.0,11.0,0.8428571428571429
961500,AMENDOIM GRANULADO FD20X500G,59,59,2,2,0.03389830508474576,966.0,1018.0,52.0,0.9489194499017681
961600,AMENDOIM GRANULADO FD20X1KG,347,348,2,2,0.005763688760806916,18671.0,19681.0,1010.0,0.9486814694375286
961700,AMENDOIM GRANULADO SC10KG,5,5,0,0,0.0,300.0,300.0,0.0,1.0
961800,AMENDOIM GRANULADO SC25KG,93,94,1,1,0.010752688172043012,3220.0,3260.0,40.0,0.9877300613496932
962000,AMENDOIM GRANULADO CX5X5,35,35,0,0,0.0,2526.0,2526.0,0.0,1.0
962100,AMENDOIM GRANULADO CX2X5KG,33,33,0,0,0.0,3777.0,3777.0,0.0,1.0
962800,FARINHA AMENDOIM CLARA FD20X500G,1,1,0,0,0.0,2.0,2.0,0.0,1.0
962900,FARINHA DE AMENDOIM CLARA FD20X1KG,1,1,0,0,0.0,15.0,15.0,0.0,1.0
963100,FARINHA DE AMENDOIM CLARA SC25KG,11,11,1,1,0.09090909090909091,176.0,196.0,20.0,0.8979591836734694
963300,FARINHA DE AMENDOIM CLARA CX5X5KG,2,2,0,0,0.0,138.0,138.0,0.0,1.0
963400,FARINHA AMENDOIM CLARA CX2X5KG,16,16,0,0,0.0,762.0,762.0,0.0,1.0
963600,FAROFA DE AMENDOIM FD10X500G,8,8,0,0,0.0,95.0,95.0,0.0,1.0
963900,FAROFA DE AMENDOIM FD20X500G,61,61,4,4,0.06557377049180328,618.0,623.0,5.0,0.9919743178170144
964000,FAROFA DE AMENDOIM FD20X1KG,269,270,2,2,0.007434944237918215,13358.0,14708.0,1350.0,0.9082132172967092
964200,FAROFA DE AMENDOIM CX5X5KG,5,5,0,0,0.0,22.0,22.0,0.0,1.0
964400,FAROFA DE AMENDOIM SC25KG,12,12,0,0,0.0,378.0,378.0,0.0,1.0
964700,AMENDOIM JAPONES SC 25 KG,6,6,0,0,0.0,16.0,16.0,0.0,1.0
964800,AMENDOIM JAPONES FD20X400G,56,56,0,0,0.0,361.0,361.0,0.0,1.0
965000,AMENDOIM JAPONES 20X1KG,17,17,0,0,0.0,41.0,41.0,0.0,1.0
965200,AMEDOIM JAPONES SC 10 KG,8,8,0,0,0.0,1950.0,1950.0,0.0,1.0
965300,AMENDOIM JAPONES CX10KG2X5,73,73,1,1,0.0136986301369863,3915.0,4290.0,375.0,0.9125874125874126
965900,#N/A,1,1,0,0,0.0,4.0,4.0,0.0,1.0
966200,PAÇOCA ROLHA POTE 260G,62,63,0,0,0.0,2681.0,2681.0,0.0,1.0
966300,PAÇOCA ROLHA POTE 230G,71,71,0,0,0.0,3228.0,3228.0,0.0,1.0
966400,PAÇOCA ROLHA CX24X500G,128,128,0,0,0.0,5218.0,5218.0,0.0,1.0
966500,PAÇOCA ROLHA POTE 750G,77,78,0,0,0.0,1546.0,1546.0,0.0,1.0
966600,"PACOCA ROLHA CX 1,020 MARM",106,107,0,0,0.0,10174.0,10174.0,0.0,1.0
966700,"PACOCA ROLHO CX 1,020 ROLHAO",137,138,0,0,0.0,19346.0,19346.0,0.0,1.0
966800,PACOCA ROLHA CX100G,202,205,2,2,0.009900990099009901,204467.0,204501.375,34.375,0.999831908220666
966820,PAÇOCA ROLHA EMB CX100X15G,1,1,0,0,0.0,762.0,762.0,0.0,1.0
966900,PE MOLEQUE 14G CX 10PA700G,29,29,0,0,0.0,1108.0,1108.0,0.0,1.0
967100,PE MOLEQUE 14G CX6X50UN,39,40,0,0,0.0,2119.0,2119.0,0.0,1.0
967700,PE DE MOLEQUE 350G CX10X12X35G,40,40,0,0,0.0,187.0,187.0,0.0,1.0
967800,PE DE MOLEQUE 700G CX6X20X35G,81,81,0,0,0.0,3807.0,3807.0,0.0,1.0
967900,"PE DE MOLEQUE 1,05KG CX6X30X35G",26,26,0,0,0.0,2627.0,2627.0,0.0,1.0
968300,PE DE MOLEQUE 60G,1,1,0,0,0.0,32.0,32.0,0.0,1.0
968400,PE DE MOLEQUE WANLU CROC 60GR C/50UN,6,6,0,0,0.0,229.0,229.0,0.0,1.0
968500,MOLECÃO WANLU 55G POTE C/20,1,1,0,0,0.0,1.0,1.0,0.0,1.0
968600,MOLECAO 55G POTE C/10,1,1,0,0,0.0,5.0,5.0,0.0,1.0
968800,MOLECAO WANLU 55G CX PT 10,25,25,0,0,0.0,115.0,115.0,0.0,1.0
968900,MOLECAO WANLU 55G CX6X20X55G,71,71,0,0,0.0,958.0,958.0,0.0,1.0
969000,MOLECAO 55G CXC/100,2,2,0,0,0.0,15.0,15.0,0.0,1.0
969100,MOLECAO 80G CX 32,32,32,0,0,0.0,490.0,490.0,0.0,1.0
969300,MOLECAO 900G PA,2,2,0,0,0.0,3.0,3.0,0.0,1.0
969400,MOLECAO 900G CXC/10PA,26,26,0,0,0.0,196.0,196.0,0.0,1.0
969600,"MOLECAO 1,9 CXC/10PA",45,45,0,0,0.0,651.0,651.0,0.0,1.0
969900,PAÇOCA LISA 55G POTE C/20,2,2,0,0,0.0,9.0,9.0,0.0,1.0
970000,PAÇOCA LISA 55G CX12X10,41,41,0,0,0.0,166.0,166.0,0.0,1.0
970100,PAÇOCA WANLU LISA 55G CX6X20,76,77,0,0,0.0,1521.0,1521.0,0.0,1.0
970200,PACOCA WANLU LISA BARRA 100G,39,39,0,0,0.0,689.0,689.0,0.0,1.0
970500,PAÇOCA LISA 900G CXC/10,28,28,0,0,0.0,1025.0,1025.0,0.0,1.0
970900,PAÇOCA LISA 2KG CX C/5PA,6,7,0,0,0.0,17.0,17.0,0.0,1.0
971100,PAÇOCA CASEIRA 55G POTE C/10,1,1,0,0,0.0,5.0,5.0,0.0,1.0
971200,PAÇOCA WANLU CASEIRA 55G POTE C/20,3,3,0,0,0.0,4.0,4.0,0.0,1.0
971300,PAÇOCA WANLU CASEIRA 55G CX C/100,8,8,0,0,0.0,409.0,409.0,0.0,1.0
971500,PACOCA CASEIRAO 100G CX 60 UNI,36,36,0,0,0.0,478.0,478.0,0.0,1.0
971700,PAÇOCA CASEIRA 900G CX C/10PA,40,40,0,0,0.0,208.0,208.0,0.0,1.0
971900,"PAÇOCA CASEIRA 1,9KG CX C/10PA",27,27,0,0,0.0,189.0,189.0,0.0,1.0
972000,PAÇOCA CASEIRA DOCEJAN 2KG PACOTE,1,1,0,0,0.0,500.0,500.0,0.0,1.0
972100,PAÇOCA CASEIRA DOCEJAN CX5X2PA 2KG,1,1,0,0,0.0,2.0,2.0,0.0,1.0
972200,PAÇOCA CASEIRÃO 100G CX C/60,58,59,0,0,0.0,2820.0,2820.0,0.0,1.0
973800,BENASSI CAMP AMENDOIM T CASCA FD20X500,3,3,0,0,0.0,150.0,150.0,0.0,1.0
973900,BENASSI CAMP AMENDOIM T SALGADO FD20X1,3,3,0,0,0.0,151.0,151.0,0.0,1.0
974100,BENASSI SP AMENDOIM FRITO SALGALDO FD 20X1,1,1,0,0,0.0,101.0,101.0,0.0,1.0
974200,BENASSI SP AMENDOIM T CASCA FD15X1,10,10,0,0,0.0,2120.0,2120.0,0.0,1.0
974400,BENASSI SP AMENDOIM T SAL FD 20X1,3,3,0,0,0.0,305.0,305.0,0.0,1.0
974500,CODIL AMENDOIM T MOIDO FD10X500,1,1,0,0,0.0,1000.0,1000.0,0.0,1.0
974600,CODIL AMENDOIM T MOIDO FD20X500,31,31,1,1,0.03225806451612903,25336.0,25752.0,416.0,0.9838459148803976
974700,CODIL AMENDOIM TORRADO FD10X500G,34,34,2,2,0.058823529411764705,37168.0,39352.0,2184.0,0.9445009148200854
975000,CODIL AMENDOIM BRANCO FD10X500G,29,29,0,0,0.0,15700.0,15700.0,0.0,1.0
975600,KI FLOR AMENDOIM T. MOID FD 10X400,12,12,0,0,0.0,5106.0,5106.0,0.0,1.0
975700,KI FLOR AMENDOIM T. MOID FD 10X400,11,11,0,0,0.0,6557.0,6557.0,0.0,1.0
975800,"PAÇOCÃO VALENCIO 1,9KG CX C/10",24,24,0,0,0.0,4734.0,4734.0,0.0,1.0
976000,FRUNUT AMENDOIM TORRADO CASCA FD15X1,21,21,2,2,0.09523809523809523,5116.0,5367.0,251.0,0.9532327184646916
976100,"FRUNUT MIX AMENDOIM CX3,3KG",12,12,0,0,0.0,3298.0,3298.0,0.0,1.0
976300,PEREIRA AMENDOIM TORRADO MOÍDO FD40X500G,13,13,1,1,0.07692307692307693,10287.0,11162.0,875.0,0.9216090306396703
976500,PEREIRA AMENDOIM TORRADO FD40X500,11,11,1,1,0.09090909090909091,10002.0,10627.0,625.0,0.9411875411687212
976600,PONTO 100 AMANDOIM BRANCO FD10X500,4,4,0,0,0.0,1201.0,1201.0,0.0,1.0
976700,PONTO 100 AMENDOIM TORRADO FD10X500G,4,4,0,0,0.0,1001.0,1001.0,0.0,1.0
976800,PONTO 100 AMENDOIM TORRADO MOÍDO FD10X50,4,4,0,0,0.0,1206.0,1206.0,0.0,1.0
976900,RICCO AMENDOIM TRADICIONAL FD200X30,1,1,0,0,0.0,11.0,11.0,0.0,1.0
977200,RICCO AMENDOIM SABOR CEBOLA E SALSA FD200X30,2,2,0,0,0.0,16.0,16.0,0.0,1.0
977300,RICCO AMENDOIM TIPO JAPONES FD200X30G,2,2,0,0,0.0,12.0,12.0,0.0,1.0
977500,RICCO AMENDOIM CRU COM PELE SC8KG,5,5,0,0,0.0,315.0,315.0,0.0,1.0
977600,RICCO AMENDOIM TORRADO CASCA FD100X100G,7,7,0,0,0.0,2070.0,2070.0,0.0,1.0
977700,AMENDOIM TORRADO CASCA FD20X500G,7,7,0,0,0.0,620.0,620.0,0.0,1.0
977800,RICCO AMENDOIM TORRADO CASCA FD15X1KG,4,4,0,0,0.0,160.0,160.0,0.0,1.0
977900,RICCO AMENDOIM TORRADOM CASCA SC10KG,8,8,0,0,0.0,8050.0,8050.0,0.0,1.0
978000,AMENDOIM TORRADO MOÍDO FD20X1KG,3,3,0,0,0.0,60.0,60.0,0.0,1.0
978200,RICCO AMENDOIM T SEM PELE C/SAL FD200X30G,2,2,0,0,0.0,15.0,15.0,0.0,1.0
978300,RICCO AMENDOIM T SEM PELE SEM SAL UN 10KG,3,3,0,0,0.0,620.0,620.0,0.0,1.0
978500,RICCO AMENDOIM T GRANULADO SC10KG,8,8,0,0,0.0,2700.0,2700.0,0.0,1.0
978600,RICCO MIX DE AMENDOIM CX 4 KG,7,7,0,0,0.0,678.0,678.0,0.0,1.0
979000,LAVIVA MIX DE AMENDOINS APERITIVO CX12X220,4,4,0,0,0.0,298.0,298.0,0.0,1.0
9798,"DOCEJAN BANANA 1,1KG POTE20X55G",1,1,0,0,0.0,2.0,2.0,0.0,1.0
979800,"DOCEJAN BANANA 1,1KG POTE20X55G",3,3,0,0,0.0,354.0,354.0,0.0,1.0
979900,"DOCEJAN GOIABA 1,1KG POTE20X55G",3,3,0,0,0.0,158.0,158.0,0.0,1.0
980000,"DOCEJAN SIRIO 1,1KG CX6X20X55G",7,7,1,1,0.14285714285714285,2163.0,2513.0,350.0,0.8607242339832869
980100,DOCEJAN PAÇOCA CASEIRA 900G CX9PA900G,8,8,0,0,0.0,1854.0,1854.0,0.0,1.0
980200,DOCEJAN PAÇOCA CASEIRA CX5PA2KG,7,7,0,0,0.0,3784.0,3784.0,0.0,1.0
980300,"DOCEJAN PAÇOCA CASEIRA 1,1KG CX6X20X55G",8,8,1,1,0.125,1702.0,1873.0,171.0,0.9087026161238655
980400,DOCEJAN PAÇOCA ROLHA CX100X15G,3,3,0,0,0.0,2000.0,2000.0,0.0,1.0
980500,DOCEJAN ROLHA EMB CX6X50X15G,8,8,0,0,0.0,2550.0,2550.0,0.0,1.0
980600,"DOCEJAN ROLHAO 1,020KG CX6X20X51G",8,8,0,0,0.0,5000.0,5000.0,0.0,1.0
980700,"DOCEJAN MOLECÃO 1,1KG CX6X20X55G",9,9,1,1,0.1111111111111111,3857.0,4338.0,481.0,0.8891194098662978
980800,DOCEJAN PE DE MOLEQUE CX6X20X35G,7,7,0,0,0.0,1650.0,1650.0,0.0,1.0
981300,FARINHA DE AMENDOOM MEDIA DF 10X500,6,6,3,3,0.5,10.0,15.0,5.0,0.6666666666666666
981400,FARINHA DE AMENDOIM MÉDIA FD20X500G,8,8,0,0,0.0,17.0,17.0,0.0,1.0
981500,FARINHA DE AMENDOIM MEDIA FD20X1KG,110,110,0,0,0.0,709.0,709.0,0.0,1.0
981600,FARINHA DE AMENDOIM MÉDIA SC10KG,6,6,0,0,0.0,52.0,52.0,0.0,1.0
981700,FARLNHA DE AMENDOLM MEDLA SC 25,66,66,0,0,0.0,2934.0,2934.0,0.0,1.0
981900,FARINHA DE AMENDOIM MEDIA CX 5X5,15,15,0,0,0.0,848.0,848.0,0.0,1.0
982000,FARINHA DE AMENDOIM MEDIA CX10 2X5,8,8,0,0,0.0,811.0,811.0,0.0,1.0
982700,FARINHHA DE AMENDOIM ESCRA SC 25 KG,12,12,0,0,0.0,2360.0,2360.0,0.0,1.0
986200,FRUNUT AMENDOIM TIPO JAPONES FD 20X1,4,4,0,0,0.0,151.0,151.0,0.0,1.0
986300,FRUNUT AMENDOIM TORRADO SALGADO,17,17,2,2,0.11764705882352941,4503.0,4887.0,384.0,0.9214241866175568
986400,"RICCO AMENDOIM T GRANULADO FD20X1,005KG",2,2,0,0,0.0,55.0,55.0,0.0,1.0
986500,RICCO AMENDOIM T SEM PELE COM SAL FD 20X1.005GK,2,2,0,0,0.0,45.0,45.0,0.0,1.0
986700,AMENDOIM FRITO SALGADO 10KG,11,11,0,0,0.0,199.0,199.0,0.0,1.0
987000,PE DE MOLEQUE 14G BRAS,5,5,0,0,0.0,121188.0,121188.0,0.0,1.0
987300,MIX AMENDOIM BANDEJA CX 12X250G SUPER NOSSO,7,7,1,1,0.14285714285714285,1092.0,1093.0,1.0,0.9990850869167429
987310,MIX AMENDOINS BANDEJA CX 12X250G ZUPPA FESTA,3,3,0,0,0.0,150.0,150.0,0.0,1.0
987330,MIX AMENDOINS BANDEJA CX12X250G ZUPPA DIVERSAO,2,2,0,0,0.0,130.0,130.0,0.0,1.0
987340,MIX AMENDOINS BANDEJA CX 12X250G SUPER NOSSO,2,2,0,0,0.0,140.0,140.0,0.0,1.0
987350,MIX AMENDOIM BANDEJA CX 12X250G LAVIVA DIVERSA,4,4,1,1,0.25,381.0,409.0,28.0,0.9315403422982885
987380,MIX AMENDOINS BANDEJA CX12X250G LAVIVA FESTA,4,4,0,0,0.0,612.0,612.0,0.0,1.0
987400,LOPO MIX DE AMENDOIM CX 6X550G,7,7,0,0,0.0,394.0,394.0,0.0,1.0
987600,AMENDOIM TORRADO SC10KG S/IMPR,8,8,0,0,0.0,2008.0,2008.0,0.0,1.0
987601,AMENDOIM TORRADO CS 10KG S/IMPR,1,1,0,0,0.0,1.0,1.0,0.0,1.0
987700,RICCO AMENDOIM T MOIDO,5,5,0,0,0.0,1650.0,1650.0,0.0,1.0
990200,FRUNUT AMENDOIM SEM PELE SEM SAL 20X1,4,4,0,0,0.0,350.0,350.0,0.0,1.0
990300,"FRUNUT AMENDOIM FRITO SALGADO 20X1,005",7,7,1,1,0.14285714285714285,570.0,670.0,100.0,0.8507462686567164
990400,PACOCA WANLU CASEIRA 55G 12X10,27,27,0,0,0.0,134.0,134.0,0.0,1.0
990500,PACOCA WANLU CASEIRA 55G 6X20,83,84,0,0,0.0,3173.0,3173.0,0.0,1.0
990600,FRUNUT AMENDOIM SABOR PIMENTA FD 20X1,3,3,0,0,0.0,53.0,53.0,0.0,1.0
990700,FRUNUT AMENDOIM SABOR CEBOLA E ASLAS,2,2,0,0,0.0,62.0,62.0,0.0,1.0
990800,FRUNUT AMENDOIM SABOR TRADICIONAL,3,3,0,0,0.0,107.0,107.0,0.0,1.0
990900,AMENDOIM CROC PIMENTA OG MAMBO,4,4,0,0,0.0,164.0,164.0,0.0,1.0
991000,PACOCA WANLU LISA 55G CX C/100UN,4,4,0,0,0.0,17.0,17.0,0.0,1.0
991200,AMENDOIM HPS VERMELHO SC50KG,10,10,0,0,0.0,1224.0,1224.0,0.0,1.0
991400,AMENDOIM VENTILADO CASCA SC 10KG,11,11,0,0,0.0,850.0,850.0,0.0,1.0
991500,FRUNUT AMENDOIM GRANULADO SEM SEM FD20X1,3,3,0,0,0.0,150.0,150.0,0.0,1.0
991600,AMENDOIM HPS VERMELHO SC 25KG,5,5,0,0,0.0,772.0,772.0,0.0,1.0
991700,AMENDOIM HPS VERMELHO GRANEL,2,2,0,0,0.0,2502.0,2502.0,0.0,1.0
992400,AMENDOIM JAPONES STIVAL CX12X120,3,3,0,0,0.0,1230.0,1230.0,0.0,1.0
992500,AMENDOIM CROCANTE TRADICIONAL CX12X121,3,3,0,0,0.0,1230.0,1230.0,0.0,1.0
992600,AMENDOIM SEM PELE STIVAL CX12X122,1,1,0,0,0.0,330.0,330.0,0.0,1.0
992700,AMENDOIM TORRADO SEM PELE STIVAL CX12X120G,2,2,0,0,0.0,800.0,800.0,0.0,1.0
993100,AMENDOIM SABOR CHURRASCO PT250G NAT NUTS,1,1,0,0,0.0,264.0,264.0,0.0,1.0
993200,AMENDOIM SABOR JAPONES PT250G NAT NUTS,1,1,0,0,0.0,276.0,276.0,0.0,1.0
993300,AMENDOIM SABOR MOST E MEL PT250G NAT NUTS,1,1,0,0,0.0,266.0,266.0,0.0,1.0
993400,AMENDOIM S PELE TOR S SAL PT300G NAT NUTS,1,1,0,0,0.0,257.0,257.0,0.0,1.0
993500,AMENDOIM S PELE TOR SALG PT300G NAT NUTS,1,1,0,0,0.0,257.0,257.0,0.0,1.0
993600,MIX AMENDOIM PETISQUOEIRA 250G NAT NUTS,1,1,0,0,0.0,202.0,202.0,0.0,1.0
993700,MIX AMENDOIM PETISQUOEIRA 550G NAT NUTS,1,1,0,0,0.0,187.0,187.0,0.0,1.0
993800,BANDEJA MIX 400G QUINTA SEMENTE,1,1,0,0,0.0,500.0,500.0,0.0,1.0
993900,PACOCA ROLHA 150x150 IND DOCES REAL,2,2,0,0,0.0,3110.0,3110.0,0.0,1.0
994000,PE DE MOLEQUE CROCANTE CX150X16G,1,1,0,0,0.0,241.0,241.0,0.0,1.0
995000,"PAÇOCA WANLU CASEIRA 1,1KG",2,2,0,0,0.0,10.0,10.0,0.0,1.0
JGR ALIMENTOS E NATURAIS LTDA,JGR ALIMENTOS E NATURAIS LTDA,1,1,0,0,0.0,20.0,20.0,0.0,1.0
