codigo_produto,descricao
121240,PE DE MOLEQUE M CROC 35 GR
1241,AMENDOIM TORRADO MEDIO BAG 1250KG
1258,AMENDOIM VENTILADO CASCA RUNNER SC 10KG
140500,AMENDOIM TORRADO SC5K
146400,AMENDOIM CROC TRADICIONAL OG LAVIVA
146401,AMENDOIM TRADICIONAL CX12X220G LAVIVA
146411,AMENDOIM TRADICIONAL CX12X220G SUPER NOS
146421,AMENDOIM TRADICIONAL CX12X220G APRECO
146431,AMENDOIM TRADICIONAL CX12X220G MAMBO
146441,AMENDOIM TRADICIONAL CX12X220G ZUPPA
1465,AMENDOIM CROC PIMENTA CX 12X220G ZUPPA
146500,AMENDOIM CROC MEXICANO OG LAVIVA
146501,AMENDOIM SABOR P. MEXICANA CX12X220G LAV
146511,AMENDOIM SABOR P. MEXICANA CX 12X220G SU
146521,AMENDOIM SABOR P. MEXICANA CX12X220G APR
146541,AMENDOIM SABOR P. MEXICANA CX12X220G ZUP
1466,AMENDOIM CROC CEBOLA E SALSA CX 12X220G ZUPPA
146600,AMENDOIM CROC SALSA/CEB OG LAVIVA
146601,AMENDOIM SABOR CEBOLA E SALSA CX12X220G
146611,AMENDOIM SABOR CEBOLA E SALSA CX12X220G
146621,AMENDOIM SABOR CEBOLA E SALSA CX12X220G
146631,AMENDOIM SABOR CEBOLA E SALSA CX12X220G
146700,AMENDOIM S/PELE TOR/SAL OG LAVIVA
146701,AMENDOIM TORRADO SALGADO S/PELE CX12X250
146711,AMENDOIM TORRADO SALGADO S/PELE CX12X250
146721,AMENDOIM TORRADO SALGADO S/PELE CX12X250
146800,AMENDOIM JAPONES OG LAVIVA 12X220G
146801,AMENDOIM JAPONES CX12X220G LAVIVA
146900,AMENDOIM TORRADO SEM PELE SEM SAL CX12X2
146910,AMENDOIM TORRADO S/PELE S/SAL CX 12X250SU
146920,AMENDOIM TORRADO S/PELE S/SAL CX12X250 M
146930,AMENDOIM TORRADO S/PELE S/SAL CX12X250G
147100,AMENDOIM SABOR CHURRASCO CX12X220G ZUPPA
147200,AMENDOIM CROCAMTE ERVAS FINAS CX2X640KG GO MAMBO
147300,AMENDOIM S/PELE TOR S/SAL OP LAVIVA
151461,KIT DE AMOTRA
240100,AMENDOIM DEBLHADO RUNNE 1000KG
240110,AMENDOIM 38/42 BIG BAG 1.250KG
468900,MOLECAO WANLU 55G CX6X20X55G
633000,FARINHA DE AMEDOIM CLARA SC10KG
691800,AMENDOIM GRANULADO SC25KG
699200,PAÇOCA ROLHA CX24X260G
699400,PAÇOCA ROLHA POTE 500G
699700,"PAÇOCA ROLHA 1,020 ROLHÃO"
900100,AMENDOIM VENTILADO CASCA SC 25KG
900300,AMENDOIM DEBULHADO RUNNER 38/42 GRANEL
901700,AMENDOIM 38/42 CX 10KG 2X5
901900,AMENDOIM 38/42 FD10X500G
902000,AMENDOIM 38/42 FD20X500G
902100,AMENDOIM 38/42 FD20X1KG
902200,AMENDOIM DEBULHADO RUNNER 38/42 10SC10KG
902300,AMENDOIM 38/42 SC25KG
902400,AMENDOIM 34/42 SC50KG
903200,AMENDOIM 40/50 SC25KG
908400,AMENDOIM BANDA G SC25KG
942100,DIZABEL AMENDOIM TORRADO CASCA SC10KG
942300,AMENDOIM TORRADO MEDIO SC 25KG
948600,AMENDOIM TORRADO CLARO CX2X5KG
948700,AMENDOIM TORRADO CLARO SC 25KG
949000,AMENDOIM TORRADO CLARO CX5X5
949100,AMENDOIM TORRADO MEDIO GRANEL
949200,AMENDOIM TORRADO MÉDIO CX2X5KG
949300,AMENDOIM TORRADO MÉDIO SC 25KG
949800,AMENDOIM TORRADO MÉDIO FD10X500G
949900,AMENDOIM TORRADO MÉDIO FD20X500G
950000,AMENDOIM TORRADO MÉDIO FD20X1KG
950100,AMENDOIM TORRADO MÉDIO CX5X5
950400,AMENDOIM TORRADO ESCURO SC25KG
950800,AMENDOIM TORRADO SALGADO GRANEL
951100,AMENDOIM TORRADO SALGADO FD10X500G
951200,AMENDOIM TORRADO SALGADO FD20X500G
951300,"AMENDOIM TORRADO SALGADO FD 20X1,005KG"
951400,AMENDOIM TORRADO SALGADO SC25KG
951500,AMENDOIM TORRADO SALGADO CX5X5
951600,AMENDOIM TORRADO SALGADO CX2X5
951700,AMENDOIM TORRADO SALGADO SC10KG
951900,AMENDOIM FRITO SALGADO FD10X500G
952200,AMENDOIM FRITO SALGADO FD20X500G
952300,AMENDOIM FRITO SALGADO FD20X1KG
952400,AMENDOIM FRITO SALGADO SC25KG
952500,AMENDOIM FRITO SALGADO CX5X5
952600,AMENDOIM FRITO SALGADO CX2X5KG
953000,AMENDOIM TORRADO CASCA FD20X500G
953100,AMENDOIM TORRADO CASCA FD15X1KG
953200,AMENDOIM TORRADO CASCA SC10KG
953300,AMENDOIM TORRADO CASCA SC25KG
953800,AMENDOIM TRADICIONAL CX10KG2X5
953900,AMENDOIM SABOR TRADICIONAL CX10X1KG
954000,AMENDOIM TRADICIONAL SC10KG
954100,AMENDOIM TRADICIONAL SC25KG
954200,AMENDOIM TRADICIONAL FD20X400G
954300,AMENDOIM SABOR TRADICIONAL FD20X1KG
954900,AMENDOIM PIMENTA CX10KG2X5
955000,AMENDOIM SABOR PIMENTA CX10X1KG
955100,AMENDOIM PIMENTA SC10KG
955200,AMENDOIM PIMENTA SUAVE SC25KG
955300,AMENDOIM SABOR PIMENTA FD20X400G
955400,AMENDOIM SABOR PIMENTA FD20X1KG
955500,AMENDOIM PIMENTA SUAVE SC 5KG S/IMPRESSÃ
956000,AMENDOIM SABOR PIMENTA MEXICANA CX2X5KG
956500,AMENDOIM SABOR PIMENTA MEXICANA FD20X1KG
957000,AMENDOIM CHURRASCO CX10KG2X5
957200,AMENDOIM CHURRASCO SC10KG
957400,AMENDOIM SABOR CHURRASCO FD20X400G
957500,AMENDOIM SABOR CHURRASCO FD20X1KG
957600,AMENDOIM CHURRASCO SC 5KG S/IMPRESSAO
958000,AMENDOIM CEBOLA E SALSA CX102X5
958100,AMENDOIM SABOR CEBOLA E SALSA CX10X1KG
958200,AMENDOIM CEBOLA E SALSA SC10KG
958300,AMENDOIM CEBOLA E SALSA SC 25KG
958400,AMENDOIM SABOR CEBOLA E SALSA FD20X400G
958500,AMENDOIM SABOR CEBOLA E SALSA FD20X1KG
958600,AMENDOIM CEBOLA E SALSA SC 5KG S/IMPRESS
959000,AMENDOIM BACON CX10KG2X5
959200,AMENDOIM BACON SC10KG
959400,AMENDOIM SABOR BACON FD20X400G
959500,AMENDOIM SABOR BACON FD20X1KG
959600,AMENDOIM BACON SC 5KG S/IMPRESSÃO
959900,AMENDOIM MOSTARDA E MEL CX10KG2X5
960200,AMENDOIM SABOR MOSTARDA E MEL FD20X400G
960900,AMENDOIM BEER CROCK CX10KG2X5
961000,MIX DE AMENDOIM CX6X550G
961200,AMENDOIM GRANULADO FD10X500G
961500,AMENDOIM GRANULADO FD20X500G
961600,AMENDOIM GRANULADO FD20X1KG
961700,AMENDOIM GRANULADO SC10KG
961800,AMENDOIM GRANULADO SC25KG
962000,AMENDOIM GRANULADO CX5X5
962100,AMENDOIM GRANULADO CX2X5KG
962800,FARINHA AMENDOIM CLARA FD20X500G
962900,FARINHA DE AMENDOIM CLARA FD20X1KG
963100,FARINHA DE AMENDOIM CLARA SC25KG
963300,FARINHA DE AMENDOIM CLARA CX5X5KG
963400,FARINHA AMENDOIM CLARA CX2X5KG
963600,FAROFA DE AMENDOIM FD10X500G
963900,FAROFA DE AMENDOIM FD20X500G
964000,FAROFA DE AMENDOIM FD20X1KG
964200,FAROFA DE AMENDOIM CX5X5KG
964400,FAROFA DE AMENDOIM SC25KG
964700,AMENDOIM JAPONES SC 25 KG
964800,AMENDOIM JAPONES FD20X400G
965000,AMENDOIM JAPONES 20X1KG
965200,AMEDOIM JAPONES SC 10 KG
965300,AMENDOIM JAPONES CX10KG2X5
965900,#N/A
966200,PAÇOCA ROLHA POTE 260G
966300,PAÇOCA ROLHA POTE 230G
966400,PAÇOCA ROLHA CX24X500G
966500,PAÇOCA ROLHA POTE 750G
966600,"PACOCA ROLHA CX 1,020 MARM"
966700,"PACOCA ROLHO CX 1,020 ROLHAO"
966800,PACOCA ROLHA CX100G
966820,PAÇOCA ROLHA EMB CX100X15G
966900,PE MOLEQUE 14G CX 10PA700G
967100,PE MOLEQUE 14G CX6X50UN
967700,PE DE MOLEQUE 350G CX10X12X35G
967800,PE DE MOLEQUE 700G CX6X20X35G
967900,"PE DE MOLEQUE 1,05KG CX6X30X35G"
968300,PE DE MOLEQUE 60G
968400,PE DE MOLEQUE WANLU CROC 60GR C/50UN
968500,MOLECÃO WANLU 55G POTE C/20
968600,MOLECAO 55G POTE C/10
968800,MOLECAO WANLU 55G CX PT 10
968900,MOLECAO WANLU 55G CX6X20X55G
969000,MOLECAO 55G CXC/100
969100,MOLECAO 80G CX 32
969300,MOLECAO 900G PA
969400,MOLECAO 900G CXC/10PA
969600,"MOLECAO 1,9 CXC/10PA"
969900,PAÇOCA LISA 55G POTE C/20
970000,PAÇOCA LISA 55G CX12X10
970100,PAÇOCA WANLU LISA 55G CX6X20
970200,PACOCA WANLU LISA BARRA 100G
970500,PAÇOCA LISA 900G CXC/10
970900,PAÇOCA LISA 2KG CX C/5PA
971100,PAÇOCA CASEIRA 55G POTE C/10
971200,PAÇOCA WANLU CASEIRA 55G POTE C/20
971300,PAÇOCA WANLU CASEIRA 55G CX C/100
971500,PACOCA CASEIRAO 100G CX 60 UNI
971700,PAÇOCA CASEIRA 900G CX C/10PA
971900,"PAÇOCA CASEIRA 1,9KG CX C/10PA"
972000,PAÇOCA CASEIRA DOCEJAN 2KG PACOTE
972100,PAÇOCA CASEIRA DOCEJAN CX5X2PA 2KG
972200,PAÇOCA CASEIRÃO 100G CX C/60
973800,BENASSI CAMP AMENDOIM T CASCA FD20X500
973900,BENASSI CAMP AMENDOIM T SALGADO FD20X1
974100,BENASSI SP AMENDOIM FRITO SALGALDO FD 20X1
974200,BENASSI SP AMENDOIM T CASCA FD15X1
974400,BENASSI SP AMENDOIM T SAL FD 20X1
974500,CODIL AMENDOIM T MOIDO FD10X500
974600,CODIL AMENDOIM T MOIDO FD20X500
974700,CODIL AMENDOIM TORRADO FD10X500G
975000,CODIL AMENDOIM BRANCO FD10X500G
975600,KI FLOR AMENDOIM T. MOID FD 10X400
975700,KI FLOR AMENDOIM T. MOID FD 10X400
975800,"PAÇOCÃO VALENCIO 1,9KG CX C/10"
976000,FRUNUT AMENDOIM TORRADO CASCA FD15X1
976100,"FRUNUT MIX AMENDOIM CX3,3KG"
976300,PEREIRA AMENDOIM TORRADO MOÍDO FD40X500G
976500,PEREIRA AMENDOIM TORRADO FD40X500
976600,PONTO 100 AMANDOIM BRANCO FD10X500
976700,PONTO 100 AMENDOIM TORRADO FD10X500G
976800,PONTO 100 AMENDOIM TORRADO MOÍDO FD10X50
976900,RICCO AMENDOIM TRADICIONAL FD200X30
977200,RICCO AMENDOIM SABOR CEBOLA E SALSA FD200X30
977300,RICCO AMENDOIM TIPO JAPONES FD200X30G
977500,RICCO AMENDOIM CRU COM PELE SC8KG
977600,RICCO AMENDOIM TORRADO CASCA FD100X100G
977700,AMENDOIM TORRADO CASCA FD20X500G
977800,RICCO AMENDOIM TORRADO CASCA FD15X1KG
977900,RICCO AMENDOIM TORRADOM CASCA SC10KG
978000,AMENDOIM TORRADO MOÍDO FD20X1KG
978200,RICCO AMENDOIM T SEM PELE C/SAL FD200X30G
978300,RICCO AMENDOIM T SEM PELE SEM SAL UN 10KG
978500,RICCO AMENDOIM T GRANULADO SC10KG
978600,RICCO MIX DE AMENDOIM CX 4 KG
979000,LAVIVA MIX DE AMENDOINS APERITIVO CX12X220
9798,"DOCEJAN BANANA 1,1KG POTE20X55G"
979800,"DOCEJAN BANANA 1,1KG POTE20X55G"
979900,"DOCEJAN GOIABA 1,1KG POTE20X55G"
980000,"DOCEJAN SIRIO 1,1KG CX6X20X55G"
980100,DOCEJAN PAÇOCA CASEIRA 900G CX9PA900G
980200,DOCEJAN PAÇOCA CASEIRA CX5PA2KG
980300,"DOCEJAN PAÇOCA CASEIRA 1,1KG CX6X20X55G"
980400,DOCEJAN PAÇOCA ROLHA CX100X15G
980500,DOCEJAN ROLHA EMB CX6X50X15G
980600,"DOCEJAN ROLHAO 1,020KG CX6X20X51G"
980700,"DOCEJAN MOLECÃO 1,1KG CX6X20X55G"
980800,DOCEJAN PE DE MOLEQUE CX6X20X35G
981300,FARINHA DE AMENDOOM MEDIA DF 10X500
981400,FARINHA DE AMENDOIM MÉDIA FD20X500G
981500,FARINHA DE AMENDOIM MEDIA FD20X1KG
981600,FARINHA DE AMENDOIM MÉDIA SC10KG
981700,FARLNHA DE AMENDOLM MEDLA SC 25
981900,FARINHA DE AMENDOIM MEDIA CX 5X5
982000,FARINHA DE AMENDOIM MEDIA CX10 2X5
982700,FARINHHA DE AMENDOIM ESCRA SC 25 KG
986200,FRUNUT AMENDOIM TIPO JAPONES FD 20X1
986300,FRUNUT AMENDOIM TORRADO SALGADO
986400,"RICCO AMENDOIM T GRANULADO FD20X1,005KG"
986500,RICCO AMENDOIM T SEM PELE COM SAL FD 20X1.005GK
986700,AMENDOIM FRITO SALGADO 10KG
987000,PE DE MOLEQUE 14G BRAS
987300,MIX AMENDOIM BANDEJA CX 12X250G SUPER NOSSO
987310,MIX AMENDOINS BANDEJA CX 12X250G ZUPPA FESTA
987330,MIX AMENDOINS BANDEJA CX12X250G ZUPPA DIVERSAO
987340,MIX AMENDOINS BANDEJA CX 12X250G SUPER NOSSO
987350,MIX AMENDOIM BANDEJA CX 12X250G LAVIVA DIVERSA
987380,MIX AMENDOINS BANDEJA CX12X250G LAVIVA FESTA
987400,LOPO MIX DE AMENDOIM CX 6X550G
987600,AMENDOIM TORRADO SC10KG S/IMPR
987601,AMENDOIM TORRADO CS 10KG S/IMPR
987700,RICCO AMENDOIM T MOIDO
990200,FRUNUT AMENDOIM SEM PELE SEM SAL 20X1
990300,"FRUNUT AMENDOIM FRITO SALGADO 20X1,005"
990400,PACOCA WANLU CASEIRA 55G 12X10
990500,PACOCA WANLU CASEIRA 55G 6X20
990600,FRUNUT AMENDOIM SABOR PIMENTA FD 20X1
990700,FRUNUT AMENDOIM SABOR CEBOLA E ASLAS
990800,FRUNUT AMENDOIM SABOR TRADICIONAL
990900,AMENDOIM CROC PIMENTA OG MAMBO
991000,PACOCA WANLU LISA 55G CX C/100UN
991200,AMENDOIM HPS VERMELHO SC50KG
991400,AMENDOIM VENTILADO CASCA SC 10KG
991500,FRUNUT AMENDOIM GRANULADO SEM SEM FD20X1
991600,AMENDOIM HPS VERMELHO SC 25KG
991700,AMENDOIM HPS VERMELHO GRANEL
992400,AMENDOIM JAPONES STIVAL CX12X120
992500,AMENDOIM CROCANTE TRADICIONAL CX12X121
992600,AMENDOIM SEM PELE STIVAL CX12X122
992700,AMENDOIM TORRADO SEM PELE STIVAL CX12X120G
993100,AMENDOIM SABOR CHURRASCO PT250G NAT NUTS
993200,AMENDOIM SABOR JAPONES PT250G NAT NUTS
993300,AMENDOIM SABOR MOST E MEL PT250G NAT NUTS
993400,AMENDOIM S PELE TOR S SAL PT300G NAT NUTS
993500,AMENDOIM S PELE TOR SALG PT300G NAT NUTS
993600,MIX AMENDOIM PETISQUOEIRA 250G NAT NUTS
993700,MIX AMENDOIM PETISQUOEIRA 550G NAT NUTS
993800,BANDEJA MIX 400G QUINTA SEMENTE
993900,PACOCA ROLHA 150x150 IND DOCES REAL
994000,PE DE MOLEQUE CROCANTE CX150X16G
995000,"PAÇOCA WANLU CASEIRA 1,1KG"
JGR ALIMENTOS E NATURAIS LTDA,JGR ALIMENTOS E NATURAIS LTDA
